Code,Period,Scot_Real_Value,Scot_Real_Numerator,Scot_Real_Denominator
C&L 01,2010-11,4.374884466,198956051.70000002,45459818.0
C&L 01,2011-12,3.916959065,188806026.5,48202343.0
C&L 01,2012-13,3.734559758,192795134.1,51624697.0
C&L 01,2013-14,3.710667178,197855971.2,53320837.0
C&L 01,2014-15,3.408087309,179623656.7,52705262.0
C&L 01,2015-16,3.336122869,177096550.5,53084305.0
C&L 01,2016-17,3.244025621,175314371.79999998,54042338.0
C&L 01,2017-18,2.987480475,161301360.5,53992733.0
C&L 01,2018-19,2.816481408,153571258.5,54526069.0
C&L 01,2019-20,2.861007719,148902390.9,52045545.0
C&L 01,2020-21,41.36002281,188666671.4,4561548.0
C&L 01,2021-22,6.432415066,170537790.29999998,26512151.0
C&L 02,2010-11,4.19940702,133543158.7,31800305.0
C&L 02,2011-12,3.955279602,126863761.3,32074635.0
C&L 02,2012-13,3.74855585,123950439.3,33066250.0
C&L 02,2013-14,2.992486696,120942165.8,40415254.0
C&L 02,2014-15,2.821076151,115378203.89999999,40898758.0
C&L 02,2015-16,2.796049263,115424694.8,41281169.0
C&L 02,2016-17,2.217280862,103710573.3,46773860.0
C&L 02,2017-18,2.276048981,98445312.33,43252956.0
C&L 02,2018-19,2.211641538,97380025.55000001,44030770.0
C&L 02,2019-20,2.098977358,94774749.89,45152917.0
C&L 02,2020-21,2.953765733,88284392.85000001,29888610.0
C&L 02,2021-22,2.904236617,89168212.15,30702692.0
C&L 03,2010-11,5.177841709,47999524.63,9270129.0
C&L 03,2011-12,4.215249389,49350340.64,11707609.0
C&L 03,2012-13,4.264947639,47351478.84,11102498.0
C&L 03,2013-14,3.889987256,45396502.910000004,11670085.0
C&L 03,2014-15,3.830757965,45654652.77,11917948.0
C&L 03,2015-16,3.480451558,44073533.21,12663109.0
C&L 03,2016-17,3.706011312,46200795.81,12466473.0
C&L 03,2017-18,3.843006618,45383456.05,11809426.0
C&L 03,2018-19,3.744335746,45194905.58,12070238.0
C&L 03,2019-20,3.447001566,43246014.27,12546007.0
C&L 03,2020-21,10.46146094,41489754.480000004,3965942.0
C&L 03,2021-22,4.748461232,41590050.12,8758605.0
C&L 04,2010-11,31955.36551,166875000.0,5222.1
C&L 04,2011-12,29477.5497,154898000.0,5254.8
C&L 04,2012-13,28159.01335,149625000.0,5313.6
C&L 04,2013-14,27102.65342,144395000.0,5327.7
C&L 04,2014-15,26919.74319,143956000.0,5347.6
C&L 04,2015-16,24911.59267,133851000.0,5373.0
C&L 04,2016-17,23292.78614,125890000.0,5404.7
C&L 04,2017-18,21775.50537,118127000.0,5424.8
C&L 04,2018-19,21711.45463,118069000.0,5438.1
C&L 04,2019-20,21200.96766,115827000.0,5463.3
C&L 04,2020-21,19614.099,107211000.0,5466.0
C&L 04,2021-22,20320.02256,111352000.0,5479.900000000001
C&L 05a,2010-14,0.825,,
C&L 05a,2012-15,0.803333333,,
C&L 05a,2013-16,0.773333333,,
C&L 05a,2014-17,0.746666667,,
C&L 05a,2015-18,0.73,,
C&L 05a,2016-19,0.723666667,,
C&L 05a,2017-20,0.723666667,,
C&L 05a,2018-21,0.743666667,,
C&L 05b,2010-14,0.850333333,,
C&L 05b,2012-15,0.86,,
C&L 05b,2013-16,0.856666667,,
C&L 05b,2014-17,0.86,,
C&L 05b,2015-18,0.856666667,,
C&L 05b,2016-19,0.848333333,,
C&L 05b,2017-20,0.85,,
C&L 05b,2018-21,0.855,,
C&L 05c,2010-14,0.765,,
C&L 05c,2012-15,0.763333333,,
C&L 05c,2013-16,0.74,,
C&L 05c,2014-17,0.72,,
C&L 05c,2015-18,0.7,,
C&L 05c,2016-19,0.693,,
C&L 05c,2017-20,0.693,,
C&L 05c,2018-21,0.713,,
C&L 05d,2010-14,0.775333333,,
C&L 05d,2012-15,0.78,,
C&L 05d,2013-16,0.756666667,,
C&L 05d,2014-17,0.74,,
C&L 05d,2015-18,0.726666667,,
C&L 05d,2016-19,0.714333333,,
C&L 05d,2017-20,0.701,,
C&L 05d,2018-21,0.717666667,,
CHN 01,2010-11,5957.848128,2173816000.0,364864.0
CHN 01,2011-12,5792.628256,2119922000.0,365970.0
CHN 01,2012-13,5634.071975,2085831000.0,370218.0
CHN 01,2013-14,5486.829145,2068102000.0,376921.0
CHN 01,2014-15,5340.745151,2054852000.0,384751.0
CHN 01,2015-16,5383.957596,2103452000.0,390687.0
CHN 01,2016-17,5372.970976,2128966000.0,396237.0
CHN 01,2017-18,5483.31422,2192491000.0,399850.0
CHN 01,2018-19,5645.39922,2257109000.0,399815.0
CHN 01,2019-20,5919.782233,2358045546.0,398334.0
CHN 01,2020-21,6071.379874,2391875000.0,393957.0
CHN 01,2021-22,6331.333096,2471210755.0,390313.0
CHN 02,2010-11,7867.59159,2363697000.0,300433.0
CHN 02,2011-12,7636.301865,2264271000.0,296515.0
CHN 02,2012-13,7617.342079,2231664000.0,292972.0
CHN 02,2013-14,7573.107057,2185433000.0,288578.0
CHN 02,2014-15,7550.643875,2145646000.0,284168.0
CHN 02,2015-16,7652.294486,2153021000.0,281355.0
CHN 02,2016-17,7618.788013,2136365000.0,280408.0
CHN 02,2017-18,7571.195464,2130561000.0,281405.0
CHN 02,2018-19,7731.537332,2207851000.0,285565.0
CHN 02,2019-20,7954.771372,2318580260.0,291471.0
CHN 02,2020-21,7857.967496,2364899000.0,300954.0
CHN 02,2021-22,7896.263232,2422669379.0,306811.0
CHN 03,2010-11,4120.519899,379296000.0,92050.0
CHN 03,2011-12,3742.314598,355032000.0,94870.0
CHN 03,2012-13,3685.756613,361148000.0,97985.0
CHN 03,2013-14,3491.605329,359185000.0,102871.0
CHN 03,2014-15,3799.37115,385495000.0,101463.0
CHN 03,2015-16,4390.565511,427037000.0,97262.0
CHN 03,2016-17,4695.997286,455328000.0,96961.0
CHN 03,2017-18,4869.347263,466934000.0,95893.0
CHN 03,2018-19,5410.156941,522344000.0,96549.0
CHN 03,2019-20,7114.706329,685678000.0,96375.0
CHN 03,2020-21,9517.083142,857741000.0,90126.0
CHN 03,2021-22,10299.39376,943458856.2,91603.0
CHN 04,2011-12,0.51,,
CHN 04,2012-13,0.53,,
CHN 04,2013-14,0.55,,
CHN 04,2014-15,0.57,,
CHN 04,2015-16,0.59,,
CHN 04,2016-17,0.6,,
CHN 04,2017-18,0.62,,
CHN 04,2018-19,0.63,,
CHN 04,2019-20,0.65,,
CHN 04,2020-21,0.67,,
CHN 04,2021-22,0.69,,
CHN 05,2011-12,0.26,,
CHN 05,2012-13,0.27,,
CHN 05,2013-14,0.29,,
CHN 05,2014-15,0.31,,
CHN 05,2015-16,0.33,,
CHN 05,2016-17,0.34,,
CHN 05,2017-18,0.34,,
CHN 05,2018-19,0.35,,
CHN 05,2019-20,0.38,,
CHN 05,2020-21,0.41,,
CHN 05,2021-22,0.4,,
CHN 06,2011-12,0.29,,
CHN 06,2012-13,0.32,,
CHN 06,2013-14,0.34,,
CHN 06,2014-15,0.37,,
CHN 06,2015-16,0.4,,
CHN 06,2016-17,0.41,,
CHN 06,2017-18,0.42,,
CHN 06,2018-19,0.45,,
CHN 06,2019-20,0.47,,
CHN 06,2020-21,0.49,,
CHN 06,2021-22,0.52,,
CHN 07,2011-12,0.1,,
CHN 07,2012-13,0.11,,
CHN 07,2013-14,0.14,,
CHN 07,2014-15,0.14,,
CHN 07,2015-16,0.15,,
CHN 07,2016-17,0.16,,
CHN 07,2017-18,0.17,,
CHN 07,2018-19,0.19,,
CHN 07,2019-20,0.21,,
CHN 07,2020-21,0.23,,
CHN 07,2021-22,0.23,,
CHN 08a,2010-11,3463.547935,5060271.3709514355,1461.0
CHN 08a,2011-12,3659.372506,5243864.749790246,1433.0
CHN 08a,2012-13,3486.983904,5111908.278641677,1466.0
CHN 08a,2013-14,3611.904252,5298665.9882495925,1467.0
CHN 08a,2014-15,3647.04981,5576324.324776947,1529.0
CHN 08a,2015-16,3893.024321,5750022.461308461,1477.0
CHN 08a,2016-17,3786.467951,5713768.494002218,1509.0
CHN 08a,2017-18,3848.298738,5818596.122844179,1512.0
CHN 08a,2018-19,4129.830291,5979978.64399157,1448.0
CHN 08a,2019-20,4121.921626,5820141.0189979635,1412.0
CHN 08a,2020-21,4494.991723,5780588.220922623,1286.0
CHN 08a,2021-22,4698.250239,6032575.618989466,1284.0
CHN 08b,2010-11,252.3450327,3727156.636389375,14770.0
CHN 08b,2011-12,268.5661313,3978795.0575331557,14815.0
CHN 08b,2012-13,297.3207149,4330764.955596,14566.0
CHN 08b,2013-14,307.4871743,4345718.242133863,14133.0
CHN 08b,2014-15,320.1800992,4441206.3421300445,13871.0
CHN 08b,2015-16,333.2760263,4612560.69212319,13840.0
CHN 08b,2016-17,353.5703958,4733590.813272195,13388.0
CHN 08b,2017-18,365.3285782,4764589.467117108,13042.0
CHN 08b,2018-19,369.8918659,4739781.990195024,12814.0
CHN 08b,2019-20,371.7949647,4777183.392116605,12849.0
CHN 08b,2020-21,392.2277717,4694597.640196832,11969.0
CHN 08b,2021-22,402.2039214,4549747.588279549,11312.0
CHN 09,2010-11,0.91,,
CHN 09,2011-12,0.9118,,
CHN 09,2012-13,0.9086,,
CHN 09,2013-14,0.906,,
CHN 09,2014-15,0.9007,,
CHN 09,2015-16,0.9036,,
CHN 09,2016-17,0.8987,,
CHN 09,2017-18,0.8961,,
CHN 09,2018-19,0.8985,,
CHN 09,2019-20,0.901,,
CHN 09,2020-21,0.903,,
CHN 09,2021-22,0.8981,,
CHN 10,2010-14,0.82,,
CHN 10,2012-15,0.81,,
CHN 10,2013-16,0.78,,
CHN 10,2014-17,0.75,,
CHN 10,2015-18,0.72,,
CHN 10,2016-19,0.72,,
CHN 10,2017-20,0.72,,
CHN 10,2018-21,0.75,,
CHN 11,2011-12,0.902844507,,
CHN 11,2012-13,0.919220865,,
CHN 11,2013-14,0.925567917,,
CHN 11,2014-15,0.931588272,,
CHN 11,2015-16,0.935149603,,
CHN 11,2016-17,0.938693957,,
CHN 11,2017-18,0.945565651,,
CHN 11,2018-19,0.950462219,,
CHN 11,2019-20,0.9334,,
CHN 11,2020-21,0.954774761,,
CHN 11,2021-22,0.957311223,,
CHN 12a,2011-12,769.68,,
CHN 12a,2012-13,797.61,,
CHN 12a,2013-14,826.62,,
CHN 12a,2014-15,860.04,,
CHN 12a,2015-16,877.23,,
CHN 12a,2016-17,888.15,,
CHN 12a,2017-18,893.97,,
CHN 12a,2018-19,895.01,,
CHN 12a,2019-20,929.98,,
CHN 12a,2020-21,972.41,,
CHN 12a,2021-22,980.72,,
CHN 12b,2011-12,478.0,,
CHN 12b,2012-13,510.0,,
CHN 12b,2013-14,551.0,,
CHN 12b,2014-15,581.0,,
CHN 12b,2015-16,603.0,,
CHN 12b,2016-17,625.0,,
CHN 12b,2017-18,620.0,,
CHN 12b,2018-19,628.0,,
CHN 12b,2019-20,649.0,,
CHN 12b,2020-21,688.0,,
CHN 12b,2021-22,702.0,,
CHN 12c,2011-12,618.0,,
CHN 12c,2012-13,644.0,,
CHN 12c,2013-14,685.0,,
CHN 12c,2014-15,716.0,,
CHN 12c,2015-16,741.0,,
CHN 12c,2016-17,751.0,,
CHN 12c,2017-18,752.0,,
CHN 12c,2018-19,743.0,,
CHN 12c,2019-20,759.0,,
CHN 12c,2020-21,817.0,,
CHN 12c,2021-22,827.0,,
CHN 12d,2011-12,759.0,,
CHN 12d,2012-13,788.0,,
CHN 12d,2013-14,816.0,,
CHN 12d,2014-15,851.0,,
CHN 12d,2015-16,864.0,,
CHN 12d,2016-17,882.0,,
CHN 12d,2017-18,899.0,,
CHN 12d,2018-19,875.0,,
CHN 12d,2019-20,906.0,,
CHN 12d,2020-21,975.0,,
CHN 12d,2021-22,965.0,,
CHN 12e,2011-12,909.0,,
CHN 12e,2012-13,929.0,,
CHN 12e,2013-14,962.0,,
CHN 12e,2014-15,984.0,,
CHN 12e,2015-16,998.0,,
CHN 12e,2016-17,1002.0,,
CHN 12e,2017-18,1019.0,,
CHN 12e,2018-19,1015.0,,
CHN 12e,2019-20,1030.0,,
CHN 12e,2020-21,1108.0,,
CHN 12e,2021-22,1113.0,,
CHN 12f,2011-12,1101.0,,
CHN 12f,2012-13,1134.0,,
CHN 12f,2013-14,1149.0,,
CHN 12f,2014-15,1185.0,,
CHN 12f,2015-16,1197.0,,
CHN 12f,2016-17,1210.0,,
CHN 12f,2017-18,1224.0,,
CHN 12f,2018-19,1195.0,,
CHN 12f,2019-20,1241.0,,
CHN 12f,2020-21,1320.0,,
CHN 12f,2021-22,1316.0,,
CHN 13a,2018-19,0.723,,
CHN 13a,2020-21,0.668774993,,
CHN 13a,2021-22,0.7053869,,
CHN 13b,2018-19,0.7907,,
CHN 13b,2020-21,0.746906388,,
CHN 13b,2021-22,0.779493165,,
CHN 14a,2018-19,0.2066,,
CHN 14a,2020-21,0.24697278699999997,,
CHN 14a,2021-22,0.2134438677,,
CHN 14b,2018-19,0.1681,,
CHN 14b,2020-21,0.214204594,,
CHN 14b,2021-22,0.17761179,,
CHN 17,2013-14,0.808,,
CHN 17,2014-15,0.8079,,
CHN 17,2015-16,0.8158,,
CHN 17,2016-17,0.8237,,
CHN 17,2017-18,0.8461,,
CHN 17,2018-19,0.8548,,
CHN 17,2019-20,0.857,,
CHN 17,2020-21,0.8506,,
CHN 17,2021-22,0.8214,,
CHN 18,2010-11,0.871317158,,
CHN 18,2011-12,0.905676127,,
CHN 18,2012-13,0.913254966,,
CHN 18,2013-14,0.925896728,,
CHN 18,2014-15,0.93477391,,
CHN 18,2015-16,0.919051513,,
CHN 18,2016-17,0.916700528,,
CHN 18,2017-18,0.910326087,,
CHN 18,2018-19,0.90584543,,
CHN 18,2019-20,0.902,,
CHN 18,2020-21,0.909274194,,
CHN 18,2021-22,0.894039735,,
CHN 19a,2010-11,0.931,,
CHN 19a,2012-13,0.936,,
CHN 19a,2014-15,0.937,,
CHN 19a,2016-17,0.933,,
CHN 19a,2018-19,0.929549,,
CHN 19a,2020-21,0.92,,
CHN 19b,2010-11,0.8632,,
CHN 19b,2012-13,0.8865,,
CHN 19b,2014-15,0.89,,
CHN 19b,2016-17,0.8822,,
CHN 19b,2018-19,0.8678,,
CHN 19b,2020-21,0.8789,,
CHN 20a,2010-11,40.0,,
CHN 20a,2012-13,32.8,,
CHN 20a,2014-15,27.2,,
CHN 20a,2016-17,26.84,,
CHN 20a,2018-19,21.65,,
CHN 20a,2020-21,11.87,,
CHN 20b,2010-11,340.78,,
CHN 20b,2012-13,280.3,,
CHN 20b,2014-15,247.0,,
CHN 20b,2016-17,210.15,,
CHN 20b,2018-19,152.16,,
CHN 20b,2020-21,77.81,,
CHN 21,2015-16,0.904,,
CHN 21,2016-17,0.911,,
CHN 21,2017-18,0.918,,
CHN 21,2018-19,0.9156484,,
CHN 21,2019-20,0.92132284,,
CHN 21,2020-21,0.921794063,,
CHN 21,2021-22,0.923522745,,
CHN 22,2012-13,0.0647,,
CHN 22,2013-14,0.0677,,
CHN 22,2014-15,0.0675,,
CHN 22,2015-16,0.0617,,
CHN 22,2016-17,0.0648,,
CHN 22,2017-18,0.0596,,
CHN 22,2018-19,0.0722,,
CHN 22,2019-20,0.0686,,
CHN 22,2020-21,0.0701,,
CHN 22,2021-22,0.0801,,
CHN 23,2010-11,0.2112,,
CHN 23,2011-12,0.2136,,
CHN 23,2012-13,0.212,,
CHN 23,2013-14,0.2194,,
CHN 23,2014-15,0.2135,,
CHN 23,2015-16,0.2068,,
CHN 23,2016-17,0.2119,,
CHN 23,2017-18,0.2013,,
CHN 23,2018-19,0.1951,,
CHN 23,2019-20,0.1668,,
CHN 23,2020-21,0.1679,,
CHN 23,2021-22,0.1586,,
CHN 24,2014-15,0.2162,,
CHN 24,2015-16,0.228,,
CHN 24,2016-17,0.2335,,
CHN 24,2017-18,0.242,,
CHN 24,2018-19,0.2322,,
CHN 24,2019-20,0.2428,,
CHN 24,2020-21,0.2086,,
CLIM 01,2010-11,7.86,,
CLIM 01,2011-12,7.12,,
CLIM 01,2012-13,7.32,,
CLIM 01,2013-14,7.09,,
CLIM 01,2014-15,6.25,,
CLIM 01,2015-16,6.23,,
CLIM 01,2016-17,5.77,,
CLIM 01,2017-18,5.62,,
CLIM 01,2018-19,5.57,,
CLIM 01,2019-20,5.35,,
CLIM 01,2020-21,4.62,,
CLIM 02,2010-11,7.21,,
CLIM 02,2011-12,6.49,,
CLIM 02,2012-13,6.72,,
CLIM 02,2013-14,6.46,,
CLIM 02,2014-15,5.71,,
CLIM 02,2015-16,5.56,,
CLIM 02,2016-17,5.18,,
CLIM 02,2017-18,5.0,,
CLIM 02,2018-19,4.84,,
CLIM 02,2019-20,4.59,,
CLIM 02,2020-21,4.09,,
CORP 01,2010-11,0.054332473,965998.5163,17779395.36
CORP 01,2011-12,0.057028465,978733.1948,17162187.37
CORP 01,2012-13,0.055933172,947911.3925,16947213.28
CORP 01,2013-14,0.052190165,881280.3646,16885947.12
CORP 01,2014-15,0.052287273,884558.1786,16917274.94
CORP 01,2015-16,0.053269838,903688.0319,16964347.35
CORP 01,2016-17,0.04984949,836543.766,16781390.63
CORP 01,2017-18,0.044470215,744972.9867,16752178.79
CORP 01,2018-19,0.042768436,722329.341,16889309.37
CORP 01,2019-20,0.039705738,700352.2536,17638565.17
CORP 01,2020-21,0.040346261,705716.842,17491505.56
CORP 01,2021-22,0.0406,726699.0,17920538.5
CORP 03b,2010-11,0.4626,4994.0,10795.0
CORP 03b,2011-12,0.485,5196.0,10713.0
CORP 03b,2012-13,0.4871,4784.5,9821.5
CORP 03b,2013-14,0.507,5080.0,10019.0
CORP 03b,2014-15,0.5166,5451.0,10551.0
CORP 03b,2015-16,0.5189,5128.0,9882.0
CORP 03b,2016-17,0.529,5119.0,9677.0
CORP 03b,2017-18,0.5463,5485.0,10040.0
CORP 03b,2018-19,0.5553,5755.0,10363.0
CORP 03b,2019-20,0.5674,5920.0,10433.0
CORP 03b,2020-21,0.5806,6366.0,10964.0
CORP 03b,2021-22,0.5896,6647.0,11273.0
CORP 03c,2015-16,0.045,14.72805295,14.07024254
CORP 03c,2016-17,0.04209671,14.98666741,14.36009133
CORP 03c,2017-18,0.03934336,15.21756978,14.62187279
CORP 03c,2018-19,0.041789575,15.6925,15.04125
CORP 03c,2019-20,0.033965409,16.36973125,15.8228875
CORP 03c,2020-21,0.036649739,16.89890625,16.28555
CORP 03c,2021-22,0.035391857,17.268925,16.66331875
CORP 04,2010-11,17.02286919,42496618.0,2496429.0
CORP 04,2011-12,16.01297866,40178714.0,2509142.0
CORP 04,2012-13,15.81933314,39883924.27,2521219.0
CORP 04,2013-14,14.10728817,35754924.0,2534499.0
CORP 04,2014-15,12.59605826,32126854.0,2550555.0
CORP 04,2015-16,11.82246369,30354405.0,2567508.0
CORP 04,2016-17,10.02516127,25937756.0,2587271.0
CORP 04,2017-18,8.08330606,21069451.0,2606553.0
CORP 04,2018-19,7.462189499,19597405.0,2626234.0
CORP 04,2019-20,6.96025733,18439297.0,2649232.0
CORP 04,2020-21,6.817620932,18168594.0,2664933.0
CORP 04,2021-22,6.5945921,17728736.0,2688365.0
CORP 06a,2010-11,6.6,349344.96,52900.03
CORP 06a,2011-12,6.21,312234.83,50289.17
CORP 06a,2012-13,6.64,317378.1,47768.29
CORP 06a,2013-14,6.1,308558.84,50595.46
CORP 06a,2014-15,6.28,317074.08,50484.72
CORP 06a,2015-16,6.09,306806.99,50339.69
CORP 06a,2016-17,6.06,310780.45,51268.93
CORP 06a,2017-18,5.93,313917.82,52906.0
CORP 06a,2018-19,6.21,328746.57,52955.64
CORP 06a,2019-20,6.35,346463.61,54561.64
CORP 06a,2020-21,4.110130137,224631.6,54653.16
CORP 06a,2021-22,5.828744702,327087.12,56116.22
CORP 06b,2010-11,10.79,1731250.89,160403.36
CORP 06b,2011-12,10.38,1542024.27,148548.73
CORP 06b,2012-13,10.9,1483040.05,136066.7
CORP 06b,2013-14,10.34,1509871.6,146091.92
CORP 06b,2014-15,10.8,1570110.21,145398.12
CORP 06b,2015-16,10.63,1529113.17,143793.69
CORP 06b,2016-17,10.92,1564271.33,143294.73
CORP 06b,2017-18,11.41,1641332.8,143890.39
CORP 06b,2018-19,11.49,1714874.2,149271.93
CORP 06b,2019-20,11.9,1826070.48,153471.77
CORP 06b,2020-21,9.583307965,1459146.9,152259.21
CORP 06b,2021-22,12.18930531,1918949.17,157428.92
CORP 07,2010-11,0.9474,2296909395.0,2424493629.0
CORP 07,2011-12,0.9508,2288047178.0,2406356618.0
CORP 07,2012-13,0.9516,2268299106.0,2383565808.0
CORP 07,2013-14,0.9523,2253522252.0,2366366142.0
CORP 07,2014-15,0.954594869,2275609337.0,2383848280.0
CORP 07,2015-16,0.956579829,2304752370.0,2409367519.0
CORP 07,2016-17,0.958273703,2292867749.0,2392706533.0
CORP 07,2017-18,0.960005772,2498785323.0,2602885727.0
CORP 07,2018-19,0.960134665,2513674818.0,2618044019.0
CORP 07,2019-20,0.957628462,2578059094.0,2692128730.0
CORP 07,2020-21,0.947705957,2596611339.0,2739891333.0
CORP 07,2021-22,0.957345761,2598789325.0,2714577564.0
CORP 08,2010-11,0.8954,4339672.0,4846881.0
CORP 08,2011-12,0.9019,4134110.0,4583818.0
CORP 08,2012-13,0.9047,4017146.0,4440209.0
CORP 08,2013-14,0.9193,4181368.0,4548263.0
CORP 08,2014-15,0.9252,4195649.0,4534655.0
CORP 08,2015-16,0.9277,4112861.0,4433466.0
CORP 08,2016-17,0.9306,4273991.0,4592738.0
CORP 08,2017-18,0.9319,4177397.0,4482608.0
CORP 08,2018-19,0.9268,4337611.0,4680100.42
CORP 08,2019-20,0.9172,4189273.0,4567662.0
CORP 08,2020-21,0.9176,3340232.0,3640220.0
CORP 08,2021-22,0.922,3915257.0,4246612.0
CORP 11,2013-14,0.869839831,28700574.0,32995240.0
CORP 11,2014-15,0.951260728,35579127.0,37402077.0
CORP 11,2015-16,0.942712505,33226992.0,35246156.0
CORP 11,2016-17,0.977873026,34514755.0,35295743.0
CORP 11,2017-18,0.952798303,32863739.0,34491811.0
CORP 11,2018-19,0.999460086,35269898.0,35288951.0
CORP 11,2019-20,1.078078764,37634920.0,34909249.0
CORP 11,2020-21,0.831892584,49461775.0,59456925.0
CORP 11,2021-22,1.151517472,54109502.0,46989736.0
CORP 12,2017-18,1.0124,59224705.0,58496453.0
CORP 12,2018-19,1.0262,62467942.0,60874837.0
CORP 12,2019-20,1.0445,66000612.0,63188075.0
CORP 12,2020-21,0.9723,76466492.0,78644234.0
CORP 12,2021-22,0.9599,78866396.0,82162728.0
CORP-ASSET 01,2010-11,0.736701621,7728.0,10911.0
CORP-ASSET 01,2011-12,0.748398644,7945.0,10616.0
CORP-ASSET 01,2012-13,0.758981612,8049.0,10605.0
CORP-ASSET 01,2013-14,0.782071504,8925.0,11412.0
CORP-ASSET 01,2014-15,0.79,8272.0,10483.0
CORP-ASSET 01,2015-16,0.796138391,8123.0,10203.0
CORP-ASSET 01,2016-17,0.798038431,7974.0,9992.0
CORP-ASSET 01,2017-18,0.808058058,8072.0,9990.0
CORP-ASSET 01,2018-19,0.821493625,8118.0,9882.0
CORP-ASSET 01,2019-20,0.824700629,8127.0,9854.0
CORP-ASSET 01,2020-21,0.823108384,8050.0,9780.0
CORP-ASSET 01,2021-22,0.852579853,7981.0,9361.0
CORP-ASSET 02,2010-11,0.81305601,10432425.0,12831127.0
CORP-ASSET 02,2011-12,0.826771384,10504635.0,12705611.0
CORP-ASSET 02,2012-13,0.826435421,10401369.0,12585822.0
CORP-ASSET 02,2013-14,0.809163506,10385319.0,12834636.0
CORP-ASSET 02,2014-15,0.82,10795226.0,13138396.0
CORP-ASSET 02,2015-16,0.814932296,10694523.0,13123205.0
CORP-ASSET 02,2016-17,0.844848516,10995181.0,13014382.0
CORP-ASSET 02,2017-18,0.86308122,11172366.0,12944745.0
CORP-ASSET 02,2018-19,0.872142859,11460846.0,13141019.0
CORP-ASSET 02,2019-20,0.886160224,11585311.0,13073607.0
CORP-ASSET 02,2020-21,0.892045783,11701706.0,13117832.0
CORP-ASSET 02,2021-22,0.901227596,11544429.0,12809671.0
ECON 01,2012-13,0.0913,19318.0,211600.0
ECON 01,2013-14,0.1246,24893.0,199800.0
ECON 01,2014-15,0.1412,24054.0,170400.0
ECON 01,2015-16,0.1412,21830.0,154600.0
ECON 01,2016-17,0.1402,17061.0,121700.0
ECON 01,2017-18,0.1427,16469.0,115400.0
ECON 01,2018-19,0.1259,14441.0,114700.0
ECON 01,2019-20,0.1266,11270.0,89000.0
ECON 01,2020-21,0.0598,7539.0,127100.0
ECON 01,2021-22,0.197281553,18288.0,92700.0
ECON 02,2010-11,4388.068252,151889000.0,34614.0
ECON 02,2011-12,4509.238326,148056000.0,32834.0
ECON 02,2012-13,5914.418799,171796000.0,29047.0
ECON 02,2013-14,3968.263698,118171000.0,29779.0
ECON 02,2014-15,3893.378347,114889000.0,29509.0
ECON 02,2015-16,4582.935578,130775000.0,28535.0
ECON 02,2016-17,4282.556904,114541000.0,26746.0
ECON 02,2017-18,4445.905395,115562000.0,25993.0
ECON 02,2018-19,4797.42341,120065000.0,25027.0
ECON 02,2019-20,4680.545996,114228000.0,24405.0
ECON 02,2020-21,5117.199011,111192000.0,21729.0
ECON 02,2021-22,4328.732835,108465000.0,25057.0
ECON 03,2012-13,12.82,,
ECON 03,2013-14,10.8,,
ECON 03,2014-15,10.52,,
ECON 03,2015-16,9.91,,
ECON 03,2016-17,9.59,,
ECON 03,2017-18,9.34,,
ECON 03,2018-19,9.09,,
ECON 03,2019-20,10.54,,
ECON 03,2020-21,11.08137111,,
ECON 03,2021-22,11.71388051,,
ECON 04,2010-11,0.272334594,,
ECON 04,2011-12,0.261506826,,
ECON 04,2012-13,0.272438951,,
ECON 04,2013-14,0.269457162,,
ECON 04,2014-15,0.275349462,,
ECON 04,2015-16,0.254382423,,
ECON 04,2016-17,0.264760425,,
ECON 04,2017-18,0.2739747,,
ECON 04,2018-19,0.287148443,,
ECON 04,2019-20,0.285136637,,
ECON 04,2020-21,0.29113044,,
ECON 04,2021-22,0.2988,,
ECON 06,2010-11,102618.4699,535887000.0,5222.1
ECON 06,2011-12,91803.42619,482407000.0,5254.8
ECON 06,2012-13,86218.10972,458128000.0,5313.6
ECON 06,2013-14,83818.07179,446558000.0,5327.7
ECON 06,2014-15,79481.61564,425035000.0,5347.6
ECON 06,2015-16,72979.69143,392122000.0,5373.0
ECON 06,2016-17,90488.72678,489063000.0,5404.7
ECON 06,2017-18,101949.8871,553055000.0,5424.8
ECON 06,2018-19,115932.6673,630452000.0,5438.1
ECON 06,2019-20,109030.8598,595667035.7,5463.3
ECON 06,2020-21,483793.0806,483793000.0,5466.0
ECON 06,2021-22,119143.7117,652898000.0,5479.900000000001
ECON 07,2012-13,0.188,,
ECON 07,2013-14,0.186,,
ECON 07,2014-15,0.193,,
ECON 07,2015-16,0.196,,
ECON 07,2016-17,0.201,,
ECON 07,2017-18,0.184,,
ECON 07,2018-19,0.194,,
ECON 07,2019-20,0.169,,
ECON 07,2020-21,0.152,,
ECON 07,2021-22,0.144,,
ECON 08,2013-14,0.56079284,,
ECON 08,2014-15,0.674970924,,
ECON 08,2015-16,0.786156843,,
ECON 08,2016-17,0.858627723,,
ECON 08,2017-18,0.911307472,,
ECON 08,2018-19,0.920130019,,
ECON 08,2019-20,0.932949566,,
ECON 08,2020-21,0.937888787,,
ECON 08,2021-22,0.941,,
ECON 09,2014-15,0.101,,
ECON 09,2015-16,0.1189,,
ECON 09,2016-17,0.1019,,
ECON 09,2017-18,0.1149,,
ECON 09,2018-19,0.1,,
ECON 09,2019-20,0.1171,,
ECON 09,2020-21,0.124117566,,
ECON 09,2021-22,0.114019905,,
ECON 10,2014-15,0.1293969,,
ECON 10,2015-16,0.271933402,,
ECON 10,2016-17,0.384337419,,
ECON 10,2017-18,0.407797174,,
ECON 10,2018-19,0.375514549,,
ECON 10,2019-20,0.362326005,,
ECON 10,2020-21,0.389143906,,
ECON 10,2021-22,0.271872443,,
ECON 11,2011-12,24850.65756,,
ECON 11,2012-13,25060.97561,,
ECON 11,2013-14,25657.97624,,
ECON 11,2014-15,26236.62952,,
ECON 11,2015-16,26531.17439,,
ECON 11,2016-17,26537.27311,,
ECON 11,2017-18,27114.73234,,
ECON 11,2018-19,27077.83969,,
ECON 11,2019-20,27283.69301,,
ECON 11,2020-21,24720.81961,,
ENV 01a,2012-13,70.35590977,181125654.2,2574425.0
ENV 01a,2013-14,71.33448878,186053415.6,2608182.0
ENV 01a,2014-15,74.57046119,194399455.2,2606930.0
ENV 01a,2015-16,73.42585233,192655680.5,2623801.0
ENV 01a,2016-17,72.15936486,190466059.4,2639525.0
ENV 01a,2017-18,72.51138242,192433723.3,2653856.0
ENV 01a,2018-19,72.45566339,194103505.70000002,2678935.0
ENV 01a,2019-20,72.5961132,196074717.6,2700904.0
ENV 01a,2020-21,74.25211288,202061000.0,2721266.0
ENV 01a,2021-22,70.0937691,192037000.0,2739709.0
ENV 02a,2012-13,109.8328224,282755803.59999996,2574425.0
ENV 02a,2013-14,107.2287739,279672287.1,2608182.0
ENV 02a,2014-15,104.9037146,273475913.2,2606930.0
ENV 02a,2015-16,111.3729546,292221767.5,2623801.0
ENV 02a,2016-17,110.4257653,291470974.2,2639525.0
ENV 02a,2017-18,111.4439907,295754698.90000004,2653856.0
ENV 02a,2018-19,104.9769469,281225682.7,2678935.0
ENV 02a,2019-20,104.1309823,281247191.6,2700904.0
ENV 02a,2020-21,108.6678927,295716000.0,2721266.0
ENV 02a,2021-22,100.2835363,274749000.0,2739709.0
ENV 03a,2010-11,24464.5804,127757188.1,5222.1
ENV 03a,2011-12,23527.69585,123632957.8,5254.8
ENV 03a,2012-13,20866.18455,110874338.60000001,5313.6
ENV 03a,2013-14,18895.60416,100670156.8,5327.7
ENV 03a,2014-15,18191.1083,97278511.94,5347.6
ENV 03a,2015-16,17652.98002,94849882.92,5373.0
ENV 03a,2016-17,16199.80084,87554885.19,5404.7
ENV 03a,2017-18,16983.37461,92130910.77,5424.8
ENV 03a,2018-19,15999.13471,87004667.23,5438.1
ENV 03a,2019-20,16026.76618,87558846.39,5463.3
ENV 03a,2020-21,14873.21928,81297000.0,5466.0
ENV 03a,2021-22,14735.08415,80747000.0,5479.900000000001
ENV 03c,2010-11,0.953974432,,
ENV 03c,2011-12,0.9614375,,
ENV 03c,2012-13,0.95803125,,
ENV 03c,2013-14,0.960870968,,
ENV 03c,2014-15,0.939,,
ENV 03c,2015-16,0.934,,
ENV 03c,2016-17,0.939,,
ENV 03c,2017-18,0.922,,
ENV 03c,2018-19,0.928,,
ENV 03c,2019-20,0.922494213,,
ENV 03c,2020-21,0.901002852,,
ENV 03c,2021-22,0.897,,
ENV 04a,2010-11,13670.01448,712362043.1,52111.0
ENV 04a,2011-12,12448.85528,650297876.1,52237.724
ENV 04a,2012-13,11831.55584,619328544.4,52345.59
ENV 04a,2013-14,11417.27456,600094511.7,52560.2
ENV 04a,2014-15,11326.2204,595848092.8,52607.989
ENV 04a,2015-16,11684.17172,618099355.2,52900.336
ENV 04a,2016-17,11558.71952,612476111.5,52988.34
ENV 04a,2017-18,11094.81276,587730648.8,52973.75
ENV 04a,2018-19,10693.75458,572344825.8,53521.55
ENV 04a,2019-20,10290.18167,552449254.7,53687.14
ENV 04a,2020-21,9625.186722,517080000.0,53721.28
ENV 04a,2021-22,11077.82043,596153000.0,53814.842
ENV 04b,2009-11,0.303,,
ENV 04b,2010-12,0.305,,
ENV 04b,2011-13,0.294,,
ENV 04b,2012-14,0.287,,
ENV 04b,2013-15,0.2903,,
ENV 04b,2014-16,0.2895,,
ENV 04b,2015-17,0.295360469,,
ENV 04b,2016-18,0.301582834,,
ENV 04b,2017-19,0.30026555,,
ENV 04b,2018-20,0.305720104,,
ENV 04b,2019-21,0.298,,
ENV 04b,2020-22,0.275982195,,
ENV 04c,2009-11,0.358,,
ENV 04c,2010-12,0.363,,
ENV 04c,2011-13,0.35,,
ENV 04c,2012-14,0.352,,
ENV 04c,2013-15,0.361,,
ENV 04c,2014-16,0.348,,
ENV 04c,2015-17,0.347600513,,
ENV 04c,2016-18,0.35895545,,
ENV 04c,2017-19,0.357072157,,
ENV 04c,2018-20,0.34956385,,
ENV 04c,2019-21,0.34,,
ENV 04c,2020-22,0.336062479,,
ENV 04d,2009-11,0.35,,
ENV 04d,2010-12,0.36,,
ENV 04d,2011-13,0.348,,
ENV 04d,2012-14,0.366,,
ENV 04d,2013-15,0.3735,,
ENV 04d,2014-16,0.3474,,
ENV 04d,2015-17,0.3457,,
ENV 04d,2016-18,0.361599466,,
ENV 04d,2017-19,0.362534816,,
ENV 04d,2018-20,0.35139268,,
ENV 04d,2019-21,0.336,,
ENV 04d,2020-22,0.332432727,,
ENV 04e,2007-11,0.419,,
ENV 04e,2008-12,0.383416073,,
ENV 04e,2009-13,0.401,,
ENV 04e,2010-14,0.394,,
ENV 04e,2011-15,0.393141015,,
ENV 04e,2012-16,0.401361598,,
ENV 04e,2013-17,0.395043418,,
ENV 04e,2014-18,0.389887904,,
ENV 04e,2015-19,0.382482549,,
ENV 04e,2016-20,0.378305997,,
ENV 04e,2017-21,0.383,,
ENV 04e,2018-22,0.3665008,,
ENV 05,2010-11,29990.0251,156611771.6,5222.1
ENV 05,2011-12,26599.79784,139776189.9,5254.8
ENV 05,2012-13,25416.61589,135053462.70000002,5313.6
ENV 05,2013-14,26623.12277,141840076.70000002,5327.7
ENV 05,2014-15,25615.95389,136983510.6,5347.6
ENV 05,2015-16,25537.25445,137212277.6,5373.0
ENV 05,2016-17,23900.76221,129176186.3,5404.7
ENV 05,2017-18,23508.02313,127525632.0,5424.8
ENV 05,2018-19,22380.23289,121705626.60000001,5438.1
ENV 05,2019-20,21022.89943,114854163.4,5463.3
ENV 05,2020-21,19497.50152,106573875.5,5466.0
ENV 05,2021-22,22151.948,121390908.80000001,5479.900000000001
ENV 05a,2012-13,6092.623988,32373702.700000003,5313.6
ENV 05a,2013-14,6520.830808,34741046.36,5327.7
ENV 05a,2014-15,6433.13124,34401721.1,5347.6
ENV 05a,2015-16,6556.152545,35226364.09,5373.0
ENV 05a,2016-17,6142.854593,33200218.560000002,5404.7
ENV 05a,2017-18,6474.603858,35123240.449999996,5424.8
ENV 05a,2018-19,6349.973779,34531702.22,5438.1
ENV 05a,2019-20,6497.377574,35497047.79,5463.3
ENV 05a,2020-21,6083.534406,33252765.11,5466.0
ENV 05a,2021-22,5926.088253,32474491.13,5479.900000000001
ENV 05b,2012-13,19323.9919,102679760.0,5313.6
ENV 05b,2013-14,20102.29196,107099030.4,5327.7
ENV 05b,2014-15,19182.82265,102581789.5,5347.6
ENV 05b,2015-16,18981.1019,101985913.5,5373.0
ENV 05b,2016-17,17757.90762,95975967.73,5404.7
ENV 05b,2017-18,17033.41927,92402391.56,5424.8
ENV 05b,2018-19,16030.25912,87173924.42999999,5438.1
ENV 05b,2019-20,14525.52186,79357115.64,5463.3
ENV 05b,2020-21,13413.96712,73321110.38,5466.0
ENV 05b,2021-22,15015.51625,82283831.85000001,5479.900000000001
ENV 06,2010-11,0.386914858,,
ENV 06,2011-12,0.400885944,,
ENV 06,2012-13,0.411496033,,
ENV 06,2013-14,0.422019145,,
ENV 06,2014-15,0.428,,
ENV 06,2015-16,0.442158836,,
ENV 06,2016-17,0.451981333,,
ENV 06,2017-18,0.456004586,,
ENV 06,2018-19,0.447,,
ENV 06,2019-20,0.448542043,,
ENV 06,2020-21,0.42,,
ENV 06,2021-22,0.427,,
ENV 07a,2010-14,0.823,,
ENV 07a,2012-15,0.833333333,,
ENV 07a,2013-16,0.83,,
ENV 07a,2014-17,0.816666667,,
ENV 07a,2015-18,0.786666667,,
ENV 07a,2016-19,0.763,,
ENV 07a,2017-20,0.743,,
ENV 07a,2018-21,0.753,,
ENV 07b,2010-14,0.741,,
ENV 07b,2012-15,0.743333333,,
ENV 07b,2013-16,0.736666667,,
ENV 07b,2014-17,0.723333333,,
ENV 07b,2015-18,0.696666667,,
ENV 07b,2016-19,0.663,,
ENV 07b,2017-20,0.626333333,,
ENV 07b,2018-21,0.599666667,,
FINSUS 01,2013-14,0.1596,,
FINSUS 01,2014-15,0.1668,,
FINSUS 01,2015-16,0.1801,,
FINSUS 01,2016-17,0.1727,,
FINSUS 01,2017-18,0.1701,,
FINSUS 01,2018-19,0.1657,,
FINSUS 01,2019-20,0.1695,,
FINSUS 01,2020-21,0.23659,,
FINSUS 01,2021-22,0.244426667,,
FINSUS 02,2013-14,0.0369,,
FINSUS 02,2014-15,0.0395,,
FINSUS 02,2015-16,0.0406,,
FINSUS 02,2016-17,0.0394,,
FINSUS 02,2017-18,0.0367,,
FINSUS 02,2018-19,0.0351,,
FINSUS 02,2019-20,0.0363,,
FINSUS 02,2020-21,0.0352,,
FINSUS 02,2021-22,0.034825938,,
FINSUS 03,2013-14,0.0842,,
FINSUS 03,2014-15,0.0836,,
FINSUS 03,2015-16,0.0782,,
FINSUS 03,2016-17,0.0795,,
FINSUS 03,2017-18,0.0803,,
FINSUS 03,2018-19,0.0789,,
FINSUS 03,2019-20,0.0719,,
FINSUS 03,2020-21,0.0624,,
FINSUS 03,2021-22,0.058875,,
FINSUS 04,2013-14,0.2587,,
FINSUS 04,2014-15,0.2413,,
FINSUS 04,2015-16,0.2475,,
FINSUS 04,2016-17,0.2436,,
FINSUS 04,2017-18,0.2359,,
FINSUS 04,2018-19,0.2283,,
FINSUS 04,2019-20,0.2256,,
FINSUS 04,2020-21,0.2291,,
FINSUS 04,2021-22,0.221184615,,
FINSUS 05,2013-14,0.990754344,11664782000.0,11773637000.0
FINSUS 05,2014-15,0.990023065,11728142950.0,11846333040.0
FINSUS 05,2015-16,0.979684129,11946960910.0,12194707000.0
FINSUS 05,2016-17,0.993488803,11829193000.0,11906720000.0
FINSUS 05,2017-18,0.992603852,11925676700.0,12014538000.0
FINSUS 05,2018-19,0.993886828,12125603550.0,12200185380.0
FINSUS 05,2019-20,0.993502393,12612014570.0,12694498430.0
FINSUS 05,2020-21,0.974357841,13450592000.0,13804571000.0
FINSUS 05,2021-22,0.982105614,14102028000.0,14358973000.0
HSN 01b,2013-14,0.055815672,66684285.57,1194723334.0
HSN 01b,2014-15,0.059489804,72191838.64,1213516160.0
HSN 01b,2015-16,0.062485767,77781519.61,1244787791.0
HSN 01b,2016-17,0.064878716,80564606.28,1241772511.0
HSN 01b,2017-18,0.067474647,83540340.55,1238099698.0
HSN 01b,2018-19,0.073263897,91705951.88,1251720913.0
HSN 01b,2019-20,0.073135629,92777065.05,1268561798.0
HSN 01b,2020-21,0.081886479,104450448.2,1275551836.0
HSN 01b,2021-22,0.086710008,109962873.5,1268168184.0
HSN 02,2013-14,0.012872804,13219545.0,1026935914.0
HSN 02,2014-15,0.011561642,12198764.0,1055106567.0
HSN 02,2015-16,0.010529306,11466522.0,1089010210.0
HSN 02,2016-17,0.009290929,10319141.0,1110668433.0
HSN 02,2017-18,0.008936339,10066375.0,1126453979.0
HSN 02,2018-19,0.009527453,11062081.0,1161074317.0
HSN 02,2019-20,0.010658114,12826227.0,1203423696.0
HSN 02,2020-21,0.013790819,17140316.0,1242878747.0
HSN 02,2021-22,0.016299412,20687269.0,1269203387.0
HSN 03,2013-14,0.836904591,262583.0,313755.0
HSN 03,2014-15,0.903758506,286336.0,316828.0
HSN 03,2015-16,0.924963907,292789.0,316541.0
HSN 03,2016-17,0.936319803,294584.0,314619.0
HSN 03,2017-18,0.938909329,295256.0,314467.0
HSN 03,2018-19,0.943216506,297565.0,315479.0
HSN 03,2019-20,0.948621546,300252.0,316514.0
HSN 03,2020-21,0.902551941,286970.0,317954.0
HSN 03,2021-22,0.684538024,219582.0,320774.0
HSN 04b,2013-14,10.16764276,8425346.0,828643.0
HSN 04b,2014-15,9.875812318,7648629.0,774481.0
HSN 04b,2015-16,9.384331366,7263998.0,774056.0
HSN 04b,2016-17,8.724794103,6202587.0,710915.0
HSN 04b,2017-18,7.500988933,5157755.0,687610.0
HSN 04b,2018-19,7.79709406,5153809.0,660991.0
HSN 04b,2019-20,7.333695305,4565350.0,622517.0
HSN 04b,2020-21,7.279224385,3041522.0,417836.0
HSN 04b,2021-22,9.1860436,5282416.0,575048.0
HSN 05a,2015-16,0.651651025,206228.0,316470.0
HSN 05a,2016-17,0.711917072,222929.0,313139.0
HSN 05a,2017-18,0.753439736,236837.0,314341.0
HSN 05a,2018-19,0.809339262,255196.0,315314.0
HSN 05a,2019-20,0.840972227,265796.0,316058.0
HSN 05a,2020-21,0.863548533,273953.0,317241.0
HSN 05a,2021-22,0.876337667,280393.0,319960.0
SW 01,2010-11,24.81819088,536130868.5,21602215.96
SW 01,2011-12,24.00507388,528502183.59999996,22016337.2
SW 01,2012-13,24.35587155,543335620.9,22308242.84
SW 01,2013-14,23.56165403,551347455.8,23400190.84
SW 01,2014-15,23.28094339,550615009.8,23650952.0
SW 01,2015-16,24.22302695,561631783.9000001,23185760.0
SW 01,2016-17,25.30723447,599422986.3,23685883.52
SW 01,2017-18,26.12957628,619597218.8000001,23712614.92
SW 01,2018-19,26.63108988,628379738.4,23595781.56
SW 01,2019-20,26.76898416,654699505.3,24457442.5
SW 01,2020-21,28.34938373,692370989.8,24422666.09
SW 01,2021-22,28.71028886,711754995.6999999,24790938.16
SW 02,2010-11,0.0158,49634.0,3147208.0
SW 02,2011-12,0.0294,92192.0,3139285.0
SW 02,2012-13,0.0595,189339.0,3180491.0
SW 02,2013-14,0.0644,205114.0,3186170.0
SW 02,2014-15,0.069,221953.0,3216464.0
SW 02,2015-16,0.0666,218804.0,3287658.0
SW 02,2016-17,0.0636,215069.0,3382788.0
SW 02,2017-18,0.068,232667.0,3421281.0
SW 02,2018-19,0.0725,258740.0,3571085.0
SW 02,2019-20,0.0769,280381.0,3646109.0
SW 02,2020-21,0.0813,314427.0,3867400.0
SW 02,2021-22,0.0837,328969.0,3928789.0
SW 03a,2010-11,0.589393084,,
SW 03a,2011-12,0.591771475,,
SW 03a,2012-13,0.597931349,,
SW 03a,2013-14,0.597709628,,
SW 03a,2014-15,0.599917216,,
SW 03a,2015-16,0.606979596,,
SW 03a,2016-17,0.601206663,,
SW 03a,2017-18,0.617479785,,
SW 03a,2018-19,0.610163094,,
SW 03a,2019-20,0.606765932,,
SW 03a,2020-21,0.617124173,,
SW 03a,2021-22,0.6188,,
SW 04b,2013-14,0.85,,
SW 04b,2015-16,0.84,,
SW 04b,2017-18,0.7997,,
SW 04b,2019-20,0.800251,,
SW 04b,2021-22,0.7812,,
SW 04c,2013-14,0.8281,,
SW 04c,2015-16,0.8271,,
SW 04c,2017-18,0.8113,,
SW 04c,2019-20,0.807797,,
SW 04c,2021-22,0.7882,,
SW 04d,2013-14,0.8314,,
SW 04d,2015-16,0.7881,,
SW 04d,2017-18,0.7559,,
SW 04d,2019-20,0.754273,,
SW 04d,2021-22,0.7059,,
SW 04e,2013-14,0.4295,,
SW 04e,2015-16,0.4003,,
SW 04e,2017-18,0.3655,,
SW 04e,2019-20,0.342778,,
SW 04e,2021-22,0.2969,,
SW 05,2010-11,527.3548413,16374457.899999974,31050.0
SW 05,2011-12,533.98753,16420066.29038459,30750.0
SW 05,2012-13,512.1478986,15492443.244230747,30250.0
SW 05,2013-14,496.1596096,15296607.83653844,30830.0
SW 05,2014-15,506.6230539,15477293.121153824,30550.0
SW 05,2015-16,514.5106115,15862432.60961536,30830.0
SW 05,2016-17,525.1114337,16110385.951923052,30680.0
SW 05,2017-18,530.587835,16161617.771153823,30460.0
SW 05,2018-19,562.0897638,16643434.438461512,29610.0
SW 05,2019-20,568.281776,17119452.274999972,30125.0
SW 05,2020-21,654.3421846,18562144.60769228,28367.5
SW 05,2021-22,734.8024727,20535968.057692274,27947.5
SW 06,2010-11,89.68125553,90012.0,1003.688
SW 06,2011-12,92.53504916,94788.0,1024.347
SW 06,2012-13,93.46901193,96841.0,1036.076
SW 06,2013-14,95.27815015,100358.0,1053.316
SW 06,2014-15,97.15186679,103949.0,1069.964
SW 06,2015-16,98.08211267,105984.0,1080.564
SW 06,2016-17,100.9539954,108034.0,1070.131
SW 06,2017-18,102.7343213,107539.0,1046.768
SW 06,2018-19,102.962323,109409.0,1062.612
SW 06,2019-20,104.6867809,113738.0,1086.46
SW 06,2020-21,120.0284,91733.0,764.261
SW 06,2021-22,109.6007299,98390.0,897.713
SW 07,2011-12,0.808661194,,
SW 07,2012-13,0.802121128,,
SW 07,2013-14,0.802,,
SW 07,2014-15,0.812234043,,
SW 07,2015-16,0.829378531,,
SW 07,2016-17,0.838,,
SW 07,2017-18,0.853846154,,
SW 07,2018-19,0.82173663,,
SW 07,2019-20,0.817997097,,
SW 07,2020-21,0.825,,
SW 07,2021-22,0.757977122,,
