Key_CodePeriod,Code,Period,Real_Value_Scot_Mean,Real_Numerator_Scot_Mean,Real_Denominator_Scot_Mean,Real_Value_Scot_Median,Real_Numerator_Scot_Median,Real_Denominator_Scot_Median,Real_Scot_NumDenAv
C&L 012010-11,C&L 01,2010-11,4.06409821925,6217376.613975,1420619.3125,4.2393246655,4469184.7305,1080558.5,4.376525476789194
C&L 012011-12,C&L 01,2011-12,3.8060042640625,5900188.327187501,1506323.21875,3.5137598005,4074893.4404999996,1099975.5,3.916947075995871
C&L 012012-13,C&L 01,2012-13,3.651856787937501,6024847.938865624,1613271.78125,3.2000950885000004,4491785.7975,1180585.0,3.734552360543636
C&L 012013-14,C&L 01,2013-14,3.579265320437501,6182999.100756249,1666276.15625,3.1838410425,4398764.191000001,1187107.5,3.710668893367146
C&L 012014-15,C&L 01,2014-15,3.4616860338125,5613239.271009376,1647039.4375,2.9058943614999997,4543037.623,1104013.0,3.408078242212325
C&L 012015-16,C&L 01,2015-16,3.3269537362499997,5534267.203362502,1658884.53125,2.9514215005,4384149.505000001,1128810.0,3.3361376871676116
C&L 012016-17,C&L 01,2016-17,3.1941749086249995,5478574.119224998,1688823.0625,3.0538143790000003,4441975.6975,1205073.0,3.244019009969553
C&L 012017-18,C&L 01,2017-18,2.92646134284375,5040667.515253126,1687272.90625,2.706995285,4349737.8925,1208634.0,2.987464266498605
C&L 012018-19,C&L 01,2018-19,2.7094041472500003,4799101.8285,1703939.65625,2.6466574635,3815833.4120000005,1215428.0,2.816474052292308
C&L 012019-20,C&L 01,2019-20,2.74437105190625,4693487.143440626,1626423.28125,2.748196032,3788006.5315,1155246.0,2.885772232572452
C&L 012020-21,C&L 01,2020-21,54.63634480496875,5895833.481575,142548.375,30.449456769999998,3881422.1055,103006.5,41.360229336707626
C&L 012021-22,C&L 01,2021-22,6.5963144224375005,5329305.947243747,828504.71875,5.771607278,3578079.2199999997,615244.5,6.4324388583861
C&L 022010-11,C&L 02,2010-11,4.6451520408750016,4173223.7091781255,993759.53125,4.375708561,2869570.287,691783.0,4.199430121619903
C&L 022011-12,C&L 02,2011-12,4.3324227135,3964492.539809375,1002332.34375,4.1889783095,2777701.8295,720985.5,3.955267496384604
C&L 022012-13,C&L 02,2012-13,4.161673570125,3873451.2294312506,1033320.3125,4.197197581999999,2624026.4095,685620.0,3.7485484245053495
C&L 022013-14,C&L 02,2013-14,3.7883896014687504,3779442.6822562492,1262976.6875,3.606672603,2674625.463,778507.5,2.9924880796790236
C&L 022014-15,C&L 02,2014-15,3.6576327828750004,3605568.8705562497,1278086.1875,3.434690293,2578030.084,785349.0,2.821068646089448
C&L 022015-16,C&L 02,2015-16,3.4781879503437496,3607021.713625,1290036.53125,3.2907009599999997,2697014.9285,878179.5,2.796061682167964
C&L 022016-17,C&L 02,2016-17,2.9857323783437497,3240955.415306249,1461683.125,3.0275425384999997,2227137.0725,929455.5,2.2172763438766863
C&L 022017-18,C&L 02,2017-18,2.9882306457187497,3076416.010228125,1351654.875,3.0052544935,2234495.802,1002980.0,2.2760366326708397
C&L 022018-19,C&L 02,2018-19,2.9079225615625,3043125.798496875,1375961.5625,2.612540348,2097926.7750000004,1000388.5,2.211635761807027
C&L 022019-20,C&L 02,2019-20,2.7593413409375,2961710.9339218754,1411028.65625,2.2878339910000003,1932742.4445000002,892493.5,2.0989729165338313
C&L 022020-21,C&L 02,2020-21,8.23301843484375,2758887.276575,934019.0625,4.910436949499999,1947381.9260000002,461645.0,2.953780481942787
C&L 022021-22,C&L 02,2021-22,5.242761817624999,2786506.629559375,959459.125,3.5856409520000003,2012357.3165000002,426139.0,2.9042473586974067
C&L 032010-11,C&L 03,2010-11,7.174999618366667,1599984.1543923335,309004.3,5.380724455499999,1061685.5495,175034.0,5.17787019272008
C&L 032011-12,C&L 03,2011-12,5.659737728433333,1645011.3545286662,390253.63333333336,5.217242967500001,1010073.3925000001,176264.5,4.2152364873015475
C&L 032012-13,C&L 03,2012-13,5.696901273333333,1578382.6281329996,370083.26666666666,5.0454732635,935962.2545,164737.0,4.264939191521583
C&L 032013-14,C&L 03,2013-14,5.003780300833332,1513216.7636509996,389002.8333333333,4.2697146495,885918.7864,177878.5,3.8899890540240274
C&L 032014-15,C&L 03,2014-15,5.066662761137932,1574298.3716927583,410963.724137931,4.045021917,944261.7440000001,220982.0,3.8307477746244563
C&L 032015-16,C&L 03,2015-16,4.563083676448275,1519777.0073627592,436658.9310344828,4.091333761,951013.5285,202484.0,3.480467017500996
C&L 032016-17,C&L 03,2016-17,6.969435149241379,1588350.3020010348,429878.3793103448,4.057069628,771448.0824,187783.0,3.694882967943701
C&L 032017-18,C&L 03,2017-18,5.826066652896551,1558238.3837975857,407221.5862068966,4.22955756,773775.2309,185741.0,3.8265122394712483
C&L 032018-19,C&L 03,2018-19,6.703024662724137,1554690.3577089657,416215.1034482759,3.776012191,784835.9158,189477.0,3.7353050017373315
C&L 032019-20,C&L 03,2019-20,4.2628936355,1438636.008379286,448071.6785714286,3.3542759735,630895.20215,169581.0,3.2107273839891852
C&L 032020-21,C&L 03,2020-21,107.8014286287778,1477779.036978148,146886.74074074073,13.48641267,464908.5705,53463.0,10.06067007495571
C&L 032021-22,C&L 03,2021-22,10.916607516407407,1445893.7934818522,324392.77777777775,3.902292738,532565.2679,104452.0,4.457231765105289
C&L 042010-11,C&L 04,2010-11,30495.45810059375,5214843.75,163.19062499999998,27432.98473,3933500.0,116.555,31955.535129545588
C&L 042011-12,C&L 04,2011-12,28982.688598999997,4840625.0,164.21249999999998,29586.98911,4017000.0,116.67500000000001,29477.81076349243
C&L 042012-13,C&L 04,2012-13,26968.446555843748,4675781.25,166.05,27369.177284999998,3721500.0,119.465,28158.875338753387
C&L 042013-14,C&L 04,2013-14,26191.460019231246,4512375.0,166.49062500000002,25988.167110000002,3561000.0,119.34,27102.877414268816
C&L 042014-15,C&L 04,2014-15,25182.558893406243,4498687.5,167.11249999999993,24039.537835000003,3538000.0,119.405,26920.113695863576
C&L 042015-16,C&L 04,2015-16,23443.294756625,4182843.75,167.90625000000003,21636.181385,3268000.0,119.48,24911.781127861526
C&L 042016-17,C&L 04,2016-17,22573.06089646875,3934000.0,168.89687500000002,22416.76888,3091500.0,119.36,23292.319647714023
C&L 042017-18,C&L 04,2017-18,21211.429605521877,3691500.0,169.52500000000003,22764.48669,3084500.0,119.11,21775.549329007517
C&L 042018-19,C&L 04,2018-19,21108.51813904375,3689656.25,169.940625,21666.2042,2918500.0,118.94,21711.443334988322
C&L 042019-20,C&L 04,2019-20,20226.059972762505,3619531.25,170.72812500000003,20122.741804999998,2874000.0,119.105,21200.55644024673
C&L 042020-21,C&L 04,2020-21,19142.655827034378,3350343.75,170.81249999999997,18973.835895,2816500.0,118.71000000000001,19614.160263446764
C&L 042021-22,C&L 04,2021-22,20544.812936906244,3479812.5,171.246875,19146.42932,2975000.0,119.07,20320.44380371905
C&L 05a2010-14,C&L 05a,2010-14,0.8352395833125,,,0.8466666665,,,
C&L 05a2012-15,C&L 05a,2012-15,0.8191666666249999,,,0.8283333335,,,
C&L 05a2013-16,C&L 05a,2013-16,0.7939583332812499,,,0.79,,,
C&L 05a2014-17,C&L 05a,2014-17,0.77291666678125,,,0.765,,,
C&L 05a2015-18,C&L 05a,2015-18,0.7527083333124999,,,0.7433333335,,,
C&L 05a2016-19,C&L 05a,2016-19,0.74126041671875,,,0.7358333335,,,
C&L 05a2017-20,C&L 05a,2017-20,0.7320937500625,,,0.7428333334999999,,,
C&L 05a2018-21,C&L 05a,2018-21,0.74709374996875,,,0.7566666664999999,,,
C&L 05b2010-14,C&L 05b,2010-14,0.8509791666562501,,,0.8501666665000001,,,
C&L 05b2012-15,C&L 05b,2012-15,0.8626041666250001,,,0.8600000000000001,,,
C&L 05b2013-16,C&L 05b,2013-16,0.8613541666875,,,0.875,,,
C&L 05b2014-17,C&L 05b,2014-17,0.86166666671875,,,0.8733333335,,,
C&L 05b2015-18,C&L 05b,2015-18,0.8518749999999999,,,0.8733333335,,,
C&L 05b2016-19,C&L 05b,2016-19,0.8352812499687499,,,0.8523333335000001,,,
C&L 05b2017-20,C&L 05b,2017-20,0.8204895832499999,,,0.8396666665,,,
C&L 05b2018-21,C&L 05b,2018-21,0.8446562499687499,,,0.8636666665,,,
C&L 05c2010-14,C&L 05c,2010-14,0.72965451878125,,,0.7414718615,,,
C&L 05c2012-15,C&L 05c,2012-15,0.7383333333125,,,0.74,,,
C&L 05c2013-16,C&L 05c,2013-16,0.71755208334375,,,0.708333333,,,
C&L 05c2014-17,C&L 05c,2014-17,0.6959375,,,0.6916666665,,,
C&L 05c2015-18,C&L 05c,2015-18,0.6696874999687498,,,0.6783333335,,,
C&L 05c2016-19,C&L 05c,2016-19,0.6537604166875,,,0.6586666665,,,
C&L 05c2017-20,C&L 05c,2017-20,0.6471979166562499,,,0.6378333334999999,,,
C&L 05c2018-21,C&L 05c,2018-21,0.6648020834062498,,,0.644,,,
C&L 05d2010-14,C&L 05d,2010-14,0.7817500000312501,,,0.79,,,
C&L 05d2012-15,C&L 05d,2012-15,0.7878125,,,0.79,,,
C&L 05d2013-16,C&L 05d,2013-16,0.77114583334375,,,0.7616666665,,,
C&L 05d2014-17,C&L 05d,2014-17,0.7574999999687502,,,0.7616666665,,,
C&L 05d2015-18,C&L 05d,2015-18,0.7404166666875001,,,0.74,,,
C&L 05d2016-19,C&L 05d,2016-19,0.7205729167187499,,,0.7218333335,,,
C&L 05d2017-20,C&L 05d,2017-20,0.7046354166562498,,,0.7135,,,
C&L 05d2018-21,C&L 05d,2018-21,0.7196354166875,,,0.7296666665,,,
CHN 012010-11,CHN 01,2010-11,6340.270776156251,67931718.75,11402.0,5853.9671985,49697000.0,8618.0,5957.877455709525
CHN 012011-12,CHN 01,2011-12,6181.335489000002,66247562.5,11436.5625,5785.674897,47585000.0,8606.5,5792.611416236304
CHN 012012-13,CHN 01,2012-13,6009.000999093751,65182218.75,11569.3125,5572.973755,46969500.0,8621.5,5634.061552922873
CHN 012013-14,CHN 01,2013-14,5869.2481111874995,64628218.75,11778.78125,5467.935667,46027000.0,8692.5,5486.834111126735
CHN 012014-15,CHN 01,2014-15,5700.5645614375,64236281.25,12023.46875,5353.7650415,46754500.0,8795.0,5342.574808122656
CHN 012015-16,CHN 01,2015-16,5710.80146328125,65732875.0,12208.96875,5426.8768615,48325000.0,8898.5,5383.982574285809
CHN 012016-17,CHN 01,2016-17,5751.3548468750005,66530218.75,12382.40625,5459.7067305,50232500.0,8974.0,5372.963655589962
CHN 012017-18,CHN 01,2017-18,5842.74909528125,68515375.0,12495.3125,5583.5173055,50370500.0,9131.5,5483.286232337126
CHN 012018-19,CHN 01,2018-19,5966.14867428125,70534781.25,12494.21875,5681.2557455,51706000.0,9231.0,5645.393494491203
CHN 012019-20,CHN 01,2019-20,6246.041097125002,73688923.31843749,12447.9375,5869.3168215000005,52939855.295,9252.5,5919.769706301746
CHN 012020-21,CHN 01,2020-21,6427.252176281249,74746062.5,12296.78125,6142.8813675,54683500.0,9243.5,6078.506316439515
CHN 012021-22,CHN 01,2021-22,6699.619926343751,77225336.0996875,12182.90625,6366.9640340000005,57130864.175,9226.0,6338.827084029109
CHN 022010-11,CHN 02,2010-11,8300.11158078125,73865500.0,9388.53125,7996.343718,61257000.0,7612.5,7867.631052514204
CHN 022011-12,CHN 02,2011-12,8082.054526812498,70758500.0,9266.09375,7687.0752895000005,58745500.0,7548.0,7636.281469740148
CHN 022012-13,CHN 02,2012-13,8133.6937679375005,69739406.25,9155.375,7686.742971,58427000.0,7518.5,7617.318378548121
CHN 022013-14,CHN 02,2013-14,8082.083768718749,68294718.75,9018.0625,7588.7171465,57800500.0,7442.5,7573.10328576676
CHN 022014-15,CHN 02,2014-15,8023.380720468748,67051406.25,8880.25,7654.649915,57730500.0,7326.0,7550.621463359703
CHN 022015-16,CHN 02,2015-16,8118.600457875002,67281781.25,8792.34375,7670.215927,57153500.0,7343.5,7652.314691404098
CHN 022016-17,CHN 02,2016-17,8117.766012437502,66761281.25,8762.75,7664.0691050000005,57715000.0,7260.0,7618.759093891757
CHN 022017-18,CHN 02,2017-18,8069.2099919375,66580000.0,8793.90625,7598.052281,56451000.0,7312.0,7571.151898509266
CHN 022018-19,CHN 02,2018-19,8152.2811331875,68995406.25,8923.90625,7651.4947434999995,57737500.0,7396.0,7731.5252219284575
CHN 022019-20,CHN 02,2019-20,8317.015317187499,72455633.1353125,9108.46875,7861.0606530000005,59203479.845,7490.0,7954.7545393195205
CHN 022020-21,CHN 02,2020-21,8274.13961253125,73903093.75,9386.34375,7810.645867,59654500.0,7770.0,7873.469768247088
CHN 022021-22,CHN 02,2021-22,8355.45542490625,75708418.104375,9569.59375,7884.594053999999,61721616.754999995,7890.5,7911.351315657993
CHN 032010-11,CHN 03,2010-11,4291.654441624999,11852906.25,2876.5625,4082.1652555,9297500.0,2055.0,4120.510592069528
CHN 032011-12,CHN 03,2011-12,3786.42432990625,11094750.0,2964.6875,3585.903487,7981000.0,2050.0,3742.29998945926
CHN 032012-13,CHN 03,2012-13,3756.79640715625,11285812.5,3062.03125,3511.6269730000004,8537500.0,2244.0,3685.7274072562127
CHN 032013-14,CHN 03,2013-14,3596.3394337187497,11224531.25,3214.71875,3342.784109,8542500.0,2220.0,3491.6059919705262
CHN 032014-15,CHN 03,2014-15,3943.2376963437505,12046781.25,3170.71875,3761.9968264999998,9213500.0,2215.5,3799.3849974867685
CHN 032015-16,CHN 03,2015-16,4540.018894093749,13344968.75,3039.4375,4438.148027499999,9565500.0,2144.0,4390.604758281755
CHN 032016-17,CHN 03,2016-17,4758.5185604687495,14229000.0,3030.03125,4569.0511315,10469500.0,2193.0,4695.991171708212
CHN 032017-18,CHN 03,2017-18,4972.54612846875,14591718.75,2996.65625,4920.8610260000005,10649000.0,2172.5,4869.333527994744
CHN 032018-19,CHN 03,2018-19,5574.86773540625,16323250.0,3017.15625,5147.746999,12178000.0,2204.5,5410.144071922029
CHN 032019-20,CHN 03,2019-20,7213.092422843751,21427437.5,3011.71875,6815.9225934999995,16134500.0,2157.0,7114.687418936446
CHN 032020-21,CHN 03,2020-21,9753.411380687501,26804437.5,2816.4375,9817.389393500001,20093500.0,2067.0,9517.142666932961
CHN 032021-22,CHN 03,2021-22,10594.634783625002,29483089.256781247,2862.59375,10264.845775,21061307.689999998,2112.0,10299.431855037497
CHN 042011-12,CHN 04,2011-12,0.5268750000000001,,,0.525,,,
CHN 042012-13,CHN 04,2012-13,0.5459375,,,0.535,,,
CHN 042013-14,CHN 04,2013-14,0.565625,,,0.56,,,
CHN 042014-15,CHN 04,2014-15,0.5803125,,,0.575,,,
CHN 042015-16,CHN 04,2015-16,0.6003124999999998,,,0.59,,,
CHN 042016-17,CHN 04,2016-17,0.6187499999999999,,,0.61,,,
CHN 042017-18,CHN 04,2017-18,0.6318749999999999,,,0.625,,,
CHN 042018-19,CHN 04,2018-19,0.64125,,,0.63,,,
CHN 042019-20,CHN 04,2019-20,0.6471874999999998,,,0.635,,,
CHN 042020-21,CHN 04,2020-21,0.681875,,,0.675,,,
CHN 042021-22,CHN 04,2021-22,0.7006249999999999,,,0.695,,,
CHN 052011-12,CHN 05,2011-12,0.265,,,0.26,,,
CHN 052012-13,CHN 05,2012-13,0.2759375,,,0.26,,,
CHN 052013-14,CHN 05,2013-14,0.301875,,,0.28500000000000003,,,
CHN 052014-15,CHN 05,2014-15,0.3153125,,,0.3,,,
CHN 052015-16,CHN 05,2015-16,0.33406249999999993,,,0.32,,,
CHN 052016-17,CHN 05,2016-17,0.34593749999999995,,,0.335,,,
CHN 052017-18,CHN 05,2017-18,0.34656249999999994,,,0.33,,,
CHN 052018-19,CHN 05,2018-19,0.35374999999999984,,,0.34,,,
CHN 052019-20,CHN 05,2019-20,0.38125000000000003,,,0.365,,,
CHN 052020-21,CHN 05,2020-21,0.4109374999999999,,,0.39,,,
CHN 052021-22,CHN 05,2021-22,0.3984374999999999,,,0.375,,,
CHN 062011-12,CHN 06,2011-12,0.295,,,0.28,,,
CHN 062012-13,CHN 06,2012-13,0.3085714285714286,,,0.315,,,
CHN 062013-14,CHN 06,2013-14,0.3310714285714286,,,0.33,,,
CHN 062014-15,CHN 06,2014-15,0.3662068965517241,,,0.36,,,
CHN 062015-16,CHN 06,2015-16,0.3837931034482759,,,0.38,,,
CHN 062016-17,CHN 06,2016-17,0.4120689655172415,,,0.42,,,
CHN 062017-18,CHN 06,2017-18,0.42464285714285704,,,0.43,,,
CHN 062018-19,CHN 06,2018-19,0.4220689655172413,,,0.44,,,
CHN 062019-20,CHN 06,2019-20,0.4535714285714287,,,0.445,,,
CHN 062020-21,CHN 06,2020-21,0.49551724137931036,,,0.47,,,
CHN 062021-22,CHN 06,2021-22,0.5162068965517241,,,0.51,,,
CHN 072011-12,CHN 07,2011-12,0.10461538461538465,,,0.1,,,
CHN 072012-13,CHN 07,2012-13,0.10615384615384614,,,0.11,,,
CHN 072013-14,CHN 07,2013-14,0.13333333333333333,,,0.12,,,
CHN 072014-15,CHN 07,2014-15,0.13615384615384615,,,0.13,,,
CHN 072015-16,CHN 07,2015-16,0.15250000000000002,,,0.14,,,
CHN 072016-17,CHN 07,2016-17,0.1537931034482759,,,0.15,,,
CHN 072017-18,CHN 07,2017-18,0.17296296296296299,,,0.17,,,
CHN 072018-19,CHN 07,2018-19,0.17071428571428574,,,0.16,,,
CHN 072019-20,CHN 07,2019-20,0.2021428571428572,,,0.19,,,
CHN 072020-21,CHN 07,2020-21,0.2267857142857143,,,0.21,,,
CHN 072021-22,CHN 07,2021-22,0.21862068965517248,,,0.19,,,
CHN 08a2010-11,CHN 08a,2010-11,3825.3978883125,,,3421.5814995,,,
CHN 08a2011-12,CHN 08a,2011-12,3809.5858139062507,,,3500.9084245000004,,,
CHN 08a2012-13,CHN 08a,2012-13,3551.3809500625,,,3386.8153515,,,
CHN 08a2013-14,CHN 08a,2013-14,3841.628517281251,,,3463.69948,,,
CHN 08a2014-15,CHN 08a,2014-15,3930.5235062812503,,,3584.4663545000003,,,
CHN 08a2015-16,CHN 08a,2015-16,4237.313823937499,,,3578.2968865000003,,,
CHN 08a2016-17,CHN 08a,2016-17,3843.542493062501,,,3461.714508,,,
CHN 08a2017-18,CHN 08a,2017-18,3979.77570421875,,,3880.4174709999998,,,
CHN 08a2018-19,CHN 08a,2018-19,4592.320530437499,,,4370.749785,,,
CHN 08a2019-20,CHN 08a,2019-20,4334.8871113125,,,4101.793629,,,
CHN 08a2020-21,CHN 08a,2020-21,4498.9699199375,,,4387.360297499999,,,
CHN 08a2021-22,CHN 08a,2021-22,4842.497156656251,,,4523.938647999999,,,
CHN 08b2010-11,CHN 08b,2010-11,269.71481706124996,,,260.2501899,,,
CHN 08b2011-12,CHN 08b,2011-12,276.2075336553125,,,266.94557175,,,
CHN 08b2012-13,CHN 08b,2012-13,292.11762055624996,,,281.2260814,,,
CHN 08b2013-14,CHN 08b,2013-14,293.31256785000005,,,280.0809089,,,
CHN 08b2014-15,CHN 08b,2014-15,304.54143643124996,,,297.2029056,,,
CHN 08b2015-16,CHN 08b,2015-16,330.21275612812497,,,315.51892905,,,
CHN 08b2016-17,CHN 08b,2016-17,329.35091310937497,,,340.1238548,,,
CHN 08b2017-18,CHN 08b,2017-18,353.58811591250003,,,348.8108638,,,
CHN 08b2018-19,CHN 08b,2018-19,362.4532752437501,,,350.35316550000005,,,
CHN 08b2019-20,CHN 08b,2019-20,364.99952200312504,,,344.55992005,,,
CHN 08b2020-21,CHN 08b,2020-21,385.7430791500001,,,373.4914479,,,
CHN 08b2021-22,CHN 08b,2021-22,403.49793849375004,,,404.2673196,,,
CHN 092010-11,CHN 09,2010-11,0.8919687499999999,,,0.8967,,,
CHN 092011-12,CHN 09,2011-12,0.8940375,,,0.8991,,,
CHN 092012-13,CHN 09,2012-13,0.890025,,,0.9023,,,
CHN 092013-14,CHN 09,2013-14,0.8838781250000001,,,0.89785,,,
CHN 092014-15,CHN 09,2014-15,0.8802843750000001,,,0.89095,,,
CHN 092015-16,CHN 09,2015-16,0.8878250000000002,,,0.89895,,,
CHN 092016-17,CHN 09,2016-17,0.88603125,,,0.88805,,,
CHN 092017-18,CHN 09,2017-18,0.880709375,,,0.8867,,,
CHN 092018-19,CHN 09,2018-19,0.8851499999999998,,,0.89805,,,
CHN 092019-20,CHN 09,2019-20,0.8877781249999999,,,0.9005000000000001,,,
CHN 092020-21,CHN 09,2020-21,0.8809406250000001,,,0.8927,,,
CHN 092021-22,CHN 09,2021-22,0.876325,,,0.889,,,
CHN 102010-14,CHN 10,2010-14,0.83955208334375,,,0.8401666670000001,,,
CHN 102012-15,CHN 10,2012-15,0.8293749999999999,,,0.8416666665,,,
CHN 102013-16,CHN 10,2013-16,0.8053125,,,0.8183333335,,,
CHN 102014-17,CHN 10,2014-17,0.7876041666875001,,,0.7983333335,,,
CHN 102015-18,CHN 10,2015-18,0.7569791666875001,,,0.7716666665,,,
CHN 102016-19,CHN 10,2016-19,0.7473958333125001,,,0.7566666665,,,
CHN 102017-20,CHN 10,2017-20,0.7373958334375001,,,0.7448333334999999,,,
CHN 102018-21,CHN 10,2018-21,0.762395833375,,,0.768666667,,,
CHN 112011-12,CHN 11,2011-12,0.908400092375,,,0.9038064295,,,
CHN 112012-13,CHN 11,2012-13,0.92520201059375,,,0.9228045709999999,,,
CHN 112013-14,CHN 11,2013-14,0.9301742654375,,,0.9281994855,,,
CHN 112014-15,CHN 11,2014-15,0.9355510189687501,,,0.9357632025,,,
CHN 112015-16,CHN 11,2015-16,0.937762397625,,,0.9417143594999999,,,
CHN 112016-17,CHN 11,2016-17,0.9412797238749999,,,0.942513834,,,
CHN 112017-18,CHN 11,2017-18,0.9485550898750001,,,0.9476336885000001,,,
CHN 112018-19,CHN 11,2018-19,0.95144176675,,,0.9481495129999999,,,
CHN 112019-20,CHN 11,2019-20,0.93539638146875,,,0.92965,,,
CHN 112020-21,CHN 11,2020-21,0.9559562667499998,,,0.9559339895,,,
CHN 112021-22,CHN 11,2021-22,0.9577762776875001,,,0.9592906160000001,,,
CHN 12a2011-12,CHN 12a,2011-12,790.7596875,,,778.29,,,
CHN 12a2012-13,CHN 12a,2012-13,814.6556249999999,,,791.55,,,
CHN 12a2013-14,CHN 12a,2013-14,843.6056250000003,,,829.3399999999999,,,
CHN 12a2014-15,CHN 12a,2014-15,874.1456666666666,,,851.9300000000001,,,
CHN 12a2015-16,CHN 12a,2015-16,893.8659375,,,875.98,,,
CHN 12a2016-17,CHN 12a,2016-17,906.5943749999998,,,890.55,,,
CHN 12a2017-18,CHN 12a,2017-18,906.5684375000001,,,900.545,,,
CHN 12a2018-19,CHN 12a,2018-19,892.8709375000002,,,871.24,,,
CHN 12a2019-20,CHN 12a,2019-20,910.9181249999998,,,881.825,,,
CHN 12a2020-21,CHN 12a,2020-21,982.55875,,,952.605,,,
CHN 12a2021-22,CHN 12a,2021-22,983.5409374999998,,,958.77,,,
CHN 12b2011-12,CHN 12b,2011-12,482.13793103448273,,,465.0,,,
CHN 12b2012-13,CHN 12b,2012-13,508.6551724137931,,,504.0,,,
CHN 12b2013-14,CHN 12b,2013-14,536.1724137931035,,,543.0,,,
CHN 12b2014-15,CHN 12b,2014-15,563.4827586206897,,,544.0,,,
CHN 12b2015-16,CHN 12b,2015-16,591.3103448275862,,,561.0,,,
CHN 12b2016-17,CHN 12b,2016-17,615.551724137931,,,620.0,,,
CHN 12b2017-18,CHN 12b,2017-18,619.2068965517242,,,605.0,,,
CHN 12b2018-19,CHN 12b,2018-19,616.7586206896551,,,616.0,,,
CHN 12b2019-20,CHN 12b,2019-20,640.5862068965517,,,614.0,,,
CHN 12b2020-21,CHN 12b,2020-21,682.9655172413793,,,670.0,,,
CHN 12b2021-22,CHN 12b,2021-22,682.6551724137931,,,653.0,,,
CHN 12c2011-12,CHN 12c,2011-12,638.125,,,620.5,,,
CHN 12c2012-13,CHN 12c,2012-13,659.8125,,,657.0,,,
CHN 12c2013-14,CHN 12c,2013-14,682.5,,,676.5,,,
CHN 12c2014-15,CHN 12c,2014-15,730.4333333333333,,,717.5,,,
CHN 12c2015-16,CHN 12c,2015-16,770.59375,,,738.0,,,
CHN 12c2016-17,CHN 12c,2016-17,768.75,,,733.0,,,
CHN 12c2017-18,CHN 12c,2017-18,765.65625,,,756.0,,,
CHN 12c2018-19,CHN 12c,2018-19,743.21875,,,748.5,,,
CHN 12c2019-20,CHN 12c,2019-20,760.21875,,,718.0,,,
CHN 12c2020-21,CHN 12c,2020-21,844.15625,,,824.0,,,
CHN 12c2021-22,CHN 12c,2021-22,834.741935483871,,,830.0,,,
CHN 12d2011-12,CHN 12d,2011-12,781.71875,,,765.5,,,
CHN 12d2012-13,CHN 12d,2012-13,808.71875,,,798.0,,,
CHN 12d2013-14,CHN 12d,2013-14,828.75,,,836.0,,,
CHN 12d2014-15,CHN 12d,2014-15,869.34375,,,867.0,,,
CHN 12d2015-16,CHN 12d,2015-16,884.59375,,,880.5,,,
CHN 12d2016-17,CHN 12d,2016-17,911.28125,,,888.0,,,
CHN 12d2017-18,CHN 12d,2017-18,915.53125,,,892.0,,,
CHN 12d2018-19,CHN 12d,2018-19,898.09375,,,900.0,,,
CHN 12d2019-20,CHN 12d,2019-20,916.25,,,908.0,,,
CHN 12d2020-21,CHN 12d,2020-21,991.71875,,,979.5,,,
CHN 12d2021-22,CHN 12d,2021-22,994.84375,,,989.0,,,
CHN 12e2011-12,CHN 12e,2011-12,932.53125,,,890.5,,,
CHN 12e2012-13,CHN 12e,2012-13,941.3125,,,922.0,,,
CHN 12e2013-14,CHN 12e,2013-14,985.40625,,,963.0,,,
CHN 12e2014-15,CHN 12e,2014-15,1004.7333333333333,,,984.0,,,
CHN 12e2015-16,CHN 12e,2015-16,1013.21875,,,984.5,,,
CHN 12e2016-17,CHN 12e,2016-17,1030.3125,,,1002.0,,,
CHN 12e2017-18,CHN 12e,2017-18,1034.34375,,,1021.0,,,
CHN 12e2018-19,CHN 12e,2018-19,1029.5483870967741,,,1018.0,,,
CHN 12e2019-20,CHN 12e,2019-20,1036.21875,,,1027.5,,,
CHN 12e2020-21,CHN 12e,2020-21,1096.78125,,,1074.5,,,
CHN 12e2021-22,CHN 12e,2021-22,1130.4516129032259,,,1105.0,,,
CHN 12f2011-12,CHN 12f,2011-12,1067.2903225806451,,,1066.0,,,
CHN 12f2012-13,CHN 12f,2012-13,1116.6129032258063,,,1104.0,,,
CHN 12f2013-14,CHN 12f,2013-14,1129.3225806451612,,,1107.0,,,
CHN 12f2014-15,CHN 12f,2014-15,1150.3870967741937,,,1146.0,,,
CHN 12f2015-16,CHN 12f,2015-16,1164.1612903225807,,,1161.0,,,
CHN 12f2016-17,CHN 12f,2016-17,1170.3225806451612,,,1199.0,,,
CHN 12f2017-18,CHN 12f,2017-18,1164.3225806451612,,,1179.0,,,
CHN 12f2018-19,CHN 12f,2018-19,1167.9,,,1174.5,,,
CHN 12f2019-20,CHN 12f,2019-20,1196.7,,,1179.5,,,
CHN 12f2020-21,CHN 12f,2020-21,1276.5,,,1286.0,,,
CHN 12f2021-22,CHN 12f,2021-22,1258.6,,,1278.5,,,
CHN 13a2018-19,CHN 13a,2018-19,0.71954375,,,0.7173499999999999,,,
CHN 13a2020-21,CHN 13a,2020-21,0.6621182320625001,,,0.6600408245,,,
CHN 13a2021-22,CHN 13a,2021-22,0.70341741275,,,0.6943284925,,,
CHN 13b2018-19,CHN 13b,2018-19,0.784225,,,0.78965,,,
CHN 13b2020-21,CHN 13b,2020-21,0.74033409853125,,,0.737593092,,,
CHN 13b2021-22,CHN 13b,2021-22,0.7770095027187501,,,0.772393384,,,
CHN 14a2018-19,CHN 14a,2018-19,0.21715862068965514,,,0.21989999999999998,,,
CHN 14a2020-21,CHN 14a,2020-21,0.2556743344827586,,,0.23921389999999998,,,
CHN 14a2021-22,CHN 14a,2021-22,0.2302072361962069,,,0.2224823074,,,
CHN 14b2018-19,CHN 14b,2018-19,0.1840068965517242,,,0.1752,,,
CHN 14b2020-21,CHN 14b,2020-21,0.2209015103448276,,,0.22435590000000002,,,
CHN 14b2021-22,CHN 14b,2021-22,0.1912377548586207,,,0.1846576215,,,
CHN 172013-14,CHN 17,2013-14,0.810515625,,,0.80835,,,
CHN 172014-15,CHN 17,2014-15,0.80783125,,,0.8008,,,
CHN 172015-16,CHN 17,2015-16,0.8141468749999999,,,0.8067500000000001,,,
CHN 172016-17,CHN 17,2016-17,0.8199593749999998,,,0.8123499999999999,,,
CHN 172017-18,CHN 17,2017-18,0.8494781250000001,,,0.84195,,,
CHN 172018-19,CHN 17,2018-19,0.8578249999999998,,,0.8558,,,
CHN 172019-20,CHN 17,2019-20,0.8582593750000002,,,0.85565,,,
CHN 172020-21,CHN 17,2020-21,0.8518687500000002,,,0.84755,,,
CHN 172021-22,CHN 17,2021-22,0.8255968749999997,,,0.8224499999999999,,,
CHN 182010-11,CHN 18,2010-11,0.8914880543750003,,,0.91010101,,,
CHN 182011-12,CHN 18,2011-12,0.91845088875,,,0.934199134,,,
CHN 182012-13,CHN 18,2012-13,0.9264194520937498,,,0.922611624,,,
CHN 182013-14,CHN 18,2013-14,0.9333126339062501,,,0.934057971,,,
CHN 182014-15,CHN 18,2014-15,0.9345417418124997,,,0.9335387325,,,
CHN 182015-16,CHN 18,2015-16,0.92671396940625,,,0.931034483,,,
CHN 182016-17,CHN 18,2016-17,0.9273252675000002,,,0.932181268,,,
CHN 182017-18,CHN 18,2017-18,0.9140681112500002,,,0.9386295179999999,,,
CHN 182018-19,CHN 18,2018-19,0.9125460981562502,,,0.9303874095,,,
CHN 182019-20,CHN 18,2019-20,0.9073750000000002,,,0.9085000000000001,,,
CHN 182020-21,CHN 18,2020-21,0.9121131483125,,,0.91229651,,,
CHN 182021-22,CHN 18,2021-22,0.8978015528750001,,,0.8992753625000001,,,
CHN 19a2010-11,CHN 19a,2010-11,0.9337187499999998,,,0.933,,,
CHN 19a2012-13,CHN 19a,2012-13,0.9376562499999999,,,0.9384999999999999,,,
CHN 19a2014-15,CHN 19a,2014-15,0.9381562499999999,,,0.939,,,
CHN 19a2016-17,CHN 19a,2016-17,0.9352812499999998,,,0.935,,,
CHN 19a2018-19,CHN 19a,2018-19,0.93147640625,,,0.9304975,,,
CHN 19a2020-21,CHN 19a,2020-21,0.9250312500000002,,,0.923,,,
CHN 19b2010-11,CHN 19b,2010-11,0.8674937499999998,,,0.87885,,,
CHN 19b2012-13,CHN 19b,2012-13,0.8880374999999999,,,0.88925,,,
CHN 19b2014-15,CHN 19b,2014-15,0.8862499999999999,,,0.89,,,
CHN 19b2016-17,CHN 19b,2016-17,0.87939375,,,0.8866499999999999,,,
CHN 19b2018-19,CHN 19b,2018-19,0.8679656249999997,,,0.8647,,,
CHN 19b2020-21,CHN 19b,2020-21,0.879575,,,0.8826499999999999,,,
CHN 20a2010-11,CHN 20a,2010-11,37.44156250000001,,,36.004999999999995,,,
CHN 20a2012-13,CHN 20a,2012-13,30.5625,,,29.5,,,
CHN 20a2014-15,CHN 20a,2014-15,25.446875000000002,,,23.65,,,
CHN 20a2016-17,CHN 20a,2016-17,24.819062500000005,,,22.634999999999998,,,
CHN 20a2018-19,CHN 20a,2018-19,20.0590625,,,19.924999999999997,,,
CHN 20a2020-21,CHN 20a,2020-21,11.962068965517245,,,12.64,,,
CHN 20b2010-11,CHN 20b,2010-11,356.9630000000001,,,333.56,,,
CHN 20b2012-13,CHN 20b,2012-13,279.40225806451605,,,260.27,,,
CHN 20b2014-15,CHN 20b,2014-15,248.2,,,252.0,,,
CHN 20b2016-17,CHN 20b,2016-17,211.2686206896552,,,229.03,,,
CHN 20b2018-19,CHN 20b,2018-19,155.81700000000004,,,158.91,,,
CHN 20b2020-21,CHN 20b,2020-21,95.56384615384614,,,76.225,,,
CHN 212015-16,CHN 21,2015-16,0.91196875,,,0.9065000000000001,,,
CHN 212016-17,CHN 21,2016-17,0.91815625,,,0.9165000000000001,,,
CHN 212017-18,CHN 21,2017-18,0.9251250000000001,,,0.922,,,
CHN 212018-19,CHN 21,2018-19,0.9220669484999999,,,0.9185799145,,,
CHN 212019-20,CHN 21,2019-20,0.9269491575,,,0.9240181765,,,
CHN 212020-21,CHN 21,2020-21,0.9266345468749999,,,0.9258334785,,,
CHN 212021-22,CHN 21,2021-22,0.9288136127499999,,,0.9325106919999999,,,
CHN 222012-13,CHN 22,2012-13,0.06259375000000002,,,0.0625,,,
CHN 222013-14,CHN 22,2013-14,0.06527812499999999,,,0.062150000000000004,,,
CHN 222014-15,CHN 22,2014-15,0.06413125,,,0.06555,,,
CHN 222015-16,CHN 22,2015-16,0.085565625,,,0.052199999999999996,,,
CHN 222016-17,CHN 22,2016-17,0.07577187500000002,,,0.06055000000000001,,,
CHN 222017-18,CHN 22,2017-18,0.05665625,,,0.04665,,,
CHN 222018-19,CHN 22,2018-19,0.064421875,,,0.060399999999999995,,,
CHN 222019-20,CHN 22,2019-20,0.077221875,,,0.07594999999999999,,,
CHN 222020-21,CHN 22,2020-21,0.061381250000000005,,,0.0603,,,
CHN 222021-22,CHN 22,2021-22,0.07962499999999999,,,0.07794999999999999,,,
CHN 232010-11,CHN 23,2010-11,0.23436562500000002,,,0.2379,,,
CHN 232011-12,CHN 23,2011-12,0.23220937499999997,,,0.22210000000000002,,,
CHN 232012-13,CHN 23,2012-13,0.23788750000000003,,,0.2286,,,
CHN 232013-14,CHN 23,2013-14,0.24279999999999996,,,0.23020000000000002,,,
CHN 232014-15,CHN 23,2014-15,0.24565312500000003,,,0.21915,,,
CHN 232015-16,CHN 23,2015-16,0.23946874999999998,,,0.21985,,,
CHN 232016-17,CHN 23,2016-17,0.22959375,,,0.21655,,,
CHN 232017-18,CHN 23,2017-18,0.22899999999999998,,,0.2353,,,
CHN 232018-19,CHN 23,2018-19,0.22174687499999998,,,0.21155000000000002,,,
CHN 232019-20,CHN 23,2019-20,0.18965937500000002,,,0.18545,,,
CHN 232020-21,CHN 23,2020-21,0.1813875,,,0.18059999999999998,,,
CHN 232021-22,CHN 23,2021-22,0.172625,,,0.1825,,,
CHN 242014-15,CHN 24,2014-15,0.20909687500000007,,,0.212,,,
CHN 242015-16,CHN 24,2015-16,0.22080000000000002,,,0.22299999999999998,,,
CHN 242016-17,CHN 24,2016-17,0.22664687499999997,,,0.23045,,,
CHN 242017-18,CHN 24,2017-18,0.234340625,,,0.23795,,,
CHN 242018-19,CHN 24,2018-19,0.224071875,,,0.22549999999999998,,,
CHN 242019-20,CHN 24,2019-20,0.23510312500000005,,,0.23854999999999998,,,
CHN 242020-21,CHN 24,2020-21,0.20063124999999996,,,0.19795000000000001,,,
CLIM 012010-11,CLIM 01,2010-11,8.849375,,,7.3,,,
CLIM 012011-12,CLIM 01,2011-12,8.137812499999999,,,6.619999999999999,,,
CLIM 012012-13,CLIM 01,2012-13,8.315625,,,7.029999999999999,,,
CLIM 012013-14,CLIM 01,2013-14,8.135000000000002,,,6.885,,,
CLIM 012014-15,CLIM 01,2014-15,7.341875,,,6.16,,,
CLIM 012015-16,CLIM 01,2015-16,7.263750000000001,,,5.984999999999999,,,
CLIM 012016-17,CLIM 01,2016-17,6.878749999999999,,,5.54,,,
CLIM 012017-18,CLIM 01,2017-18,6.721875,,,5.41,,,
CLIM 012018-19,CLIM 01,2018-19,6.673125,,,5.365,,,
CLIM 012019-20,CLIM 01,2019-20,6.4781249999999995,,,5.109999999999999,,,
CLIM 012020-21,CLIM 01,2020-21,5.729374999999999,,,4.425000000000001,,,
CLIM 022010-11,CLIM 02,2010-11,7.4359375000000005,,,7.4,,,
CLIM 022011-12,CLIM 02,2011-12,6.7390625,,,6.775,,,
CLIM 022012-13,CLIM 02,2012-13,6.9471875,,,7.025,,,
CLIM 022013-14,CLIM 02,2013-14,6.73125,,,6.66,,,
CLIM 022014-15,CLIM 02,2014-15,6.0159375,,,5.79,,,
CLIM 022015-16,CLIM 02,2015-16,5.864062499999999,,,5.5600000000000005,,,
CLIM 022016-17,CLIM 02,2016-17,5.513750000000001,,,5.165,,,
CLIM 022017-18,CLIM 02,2017-18,5.328750000000001,,,5.02,,,
CLIM 022018-19,CLIM 02,2018-19,5.186250000000001,,,4.905,,,
CLIM 022019-20,CLIM 02,2019-20,4.93875,,,4.77,,,
CLIM 022020-21,CLIM 02,2020-21,4.4146875,,,4.2,,,
CORP 012010-11,CORP 01,2010-11,0.0574187977419355,31161.24246351612,566988.3446193548,0.054473927,25294.36553,389289.2202,0.054959229337308665
CORP 012011-12,CORP 01,2011-12,0.057669426781250005,30585.412337781258,536318.3551718749,0.050487845,18857.536065,370374.00295,0.05702846461031433
CORP 012012-13,CORP 01,2012-13,0.05533333765624999,29622.231017125003,529600.415009375,0.051790375,19164.31805,366922.1945,0.0559331718359787
CORP 012013-14,CORP 01,2013-14,0.05231495328124999,27540.011392937507,527685.8476656249,0.048569022,19140.033975,367687.1261,0.05219016487701712
CORP 012014-15,CORP 01,2014-15,0.05306217853125001,27642.44308128125,528664.84193125,0.0490352945,19062.35584,368680.7297,0.05228727331346918
CORP 012015-16,CORP 01,2015-16,0.05348767815625001,28240.25099671876,530135.8546312499,0.049477840999999995,18179.560895000002,372358.94535000005,0.0532698378161236
CORP 012016-17,CORP 01,2016-17,0.05034453909375,26141.992686750003,524418.457325,0.045794584,17619.7624,373713.489,0.04984949008106502
CORP 012017-18,CORP 01,2017-18,0.04543536715625002,23280.40583309376,523505.5873093751,0.0439360555,15310.088179999999,382378.50625,0.04447021464039462
CORP 012018-19,CORP 01,2018-19,0.04376889359375,22572.79190771875,527790.917821875,0.043011883,15227.218260000001,374447.0481,0.04276843565416728
CORP 012019-20,CORP 01,2019-20,0.0414248191875,21835.24510578125,549486.3081562499,0.040066558,14808.90768,366782.5475,0.039737559938567674
CORP 012020-21,CORP 01,2020-21,0.04029008321875,22053.651312062495,546609.5488125,0.0385784395,14241.288695,380008.87625,0.04034626061687668
CORP 012021-22,CORP 01,2021-22,0.039171874999999995,22709.40625,560016.82800625,0.03815,14218.5,391369.02615000005,0.04055129259391926
CORP 03b2010-11,CORP 03b,2010-11,0.4433031249999999,156.0625,337.34375,0.45994999999999997,104.5,234.5,0.46262158406669757
CORP 03b2011-12,CORP 03b,2011-12,0.45993749999999994,162.375,334.78125,0.4707,111.0,226.5,0.4850182021842621
CORP 03b2012-13,CORP 03b,2012-13,0.4683218750000001,149.515625,306.921875,0.47685,126.0,242.5,0.487145548032378
CORP 03b2013-14,CORP 03b,2013-14,0.47777500000000006,158.75,313.09375,0.4901,115.0,231.0,0.5070366304022358
CORP 03b2014-15,CORP 03b,2014-15,0.492471875,170.34375,329.71875,0.4985,123.0,235.0,0.5166334944555019
CORP 03b2015-16,CORP 03b,2015-16,0.495178125,160.25,308.8125,0.5055000000000001,119.0,222.5,0.518923294879579
CORP 03b2016-17,CORP 03b,2016-17,0.5068250000000001,159.96875,302.40625,0.51805,119.0,218.5,0.5289862560710964
CORP 03b2017-18,CORP 03b,2017-18,0.5241218749999998,171.40625,313.75,0.5347,118.0,228.5,0.5463147410358565
CORP 03b2018-19,CORP 03b,2018-19,0.528934375,179.84375,323.84375,0.54825,121.5,229.0,0.5553411174370356
CORP 03b2019-20,CORP 03b,2019-20,0.5435562500000001,185.0,326.03125,0.5602,122.0,226.5,0.5674302693376785
CORP 03b2020-21,CORP 03b,2020-21,0.554134375,198.9375,342.625,0.5701,125.5,234.5,0.5806275082086829
CORP 03b2021-22,CORP 03b,2021-22,0.56563125,207.71875,352.28125,0.58355,131.0,239.5,0.5896389603477336
CORP 03c2015-16,CORP 03c,2015-16,0.04552861396875,14.728052950999999,14.070242537000004,0.037702165499999996,14.67,14.079999999999998,1.0467518887659666
CORP 03c2016-17,CORP 03c,2016-17,0.04209670978124999,14.986667409375002,14.3600913315625,0.0385827755,14.855,14.135,1.0436331540897188
CORP 03c2017-18,CORP 03c,2017-18,0.03934335965625,15.21756978375,14.621872789062499,0.038159304500000005,15.219999999999999,14.525,1.0407401297549994
CORP 03c2018-19,CORP 03c,2018-19,0.04178957465625001,15.692499999999999,15.041250000000003,0.037962814,15.555,15.08,1.0432975982714199
CORP 03c2019-20,CORP 03c,2019-20,0.033965409281250004,16.369731250000005,15.822887500000004,0.030751906,16.345,15.809999999999999,1.0345603007036486
CORP 03c2020-21,CORP 03c,2020-21,0.03664973890625,16.89890625,16.285549999999997,0.035139518999999994,16.8725,16.235,1.0376626058069887
CORP 03c2021-22,CORP 03c,2021-22,0.035391857156250005,17.268925000000003,16.66331875,0.032581398,17.28,16.715,1.0363436755358235
CORP 042010-11,CORP 04,2010-11,17.02439182990625,1328019.34375,78013.40625,17.007186785000002,860727.0,56499.5,17.02296320063579
CORP 042011-12,CORP 04,2011-12,15.4311636034375,1255584.78125,78410.6875,15.128343725,742703.5,56795.5,16.012929120791092
CORP 042012-13,CORP 04,2012-13,15.739692553687497,1246372.63344375,78788.09375,14.988397805,836225.3253,57074.5,15.819301802104459
CORP 042013-14,CORP 04,2013-14,13.919298440624999,1117341.34375,79203.09375,13.608450915,712183.0,57274.5,14.107294183189657
CORP 042014-15,CORP 04,2014-15,12.798042818843752,1003964.21875,79704.84375,12.249176445,607930.0,57603.0,12.596025178833626
CORP 042015-16,CORP 04,2015-16,12.347410064562501,948575.125,80234.625,11.197915994999999,546463.5,57848.0,11.82251584026223
CORP 042016-17,CORP 04,2016-17,10.82218841746875,810554.84375,80852.21875,9.9451420495,542736.0,58064.0,10.02514038923638
CORP 042017-18,CORP 04,2017-18,9.379847492812498,658420.34375,81454.78125,8.4127005725,477380.5,58323.0,8.08326207063505
CORP 042018-19,CORP 04,2018-19,8.575885807125,612418.90625,82069.8125,7.704561168,454699.0,58563.0,7.462170164577871
CORP 042019-20,CORP 04,2019-20,7.93254886453125,576228.0625,82788.5,7.168715022500001,406543.0,58835.0,6.960242817541084
CORP 042020-21,CORP 04,2020-21,7.784166053843749,567768.59375,83279.15625,7.08543518,355555.0,58919.5,6.817655453251545
CORP 042021-22,CORP 04,2021-22,7.36220101721875,554022.96875,84011.40625,7.071495587999999,365145.5,59289.0,6.594616058459324
CORP 06a2010-11,CORP 06a,2010-11,6.645624999999998,10917.029999999999,1653.12625,6.5,7537.2,1315.5,6.603869486677136
CORP 06a2011-12,CORP 06a,2011-12,6.3703125000000025,10020.432187499999,1605.5053125,6.335,7355.5,1290.875,6.241294942772106
CORP 06a2012-13,CORP 06a,2012-13,6.856562500000001,10610.721875000001,1598.9893749999999,6.62,8293.0,1214.25,6.635892671269315
CORP 06a2013-14,CORP 06a,2013-14,6.103125000000001,9642.46375,1581.1084375,5.955,7463.5,1212.5,6.098546767131524
CORP 06a2014-15,CORP 06a,2014-15,6.527500000000001,9908.565000000002,1577.6474999999998,6.305,7433.5,1170.865,6.280594999833616
CORP 06a2015-16,CORP 06a,2015-16,6.2275,9587.7184375,1573.1153124999996,6.15,7349.0,1174.5,6.094733400225549
CORP 06a2016-17,CORP 06a,2016-17,6.0284375,9711.889062499999,1602.1540625000002,5.875,7853.795,1241.0,6.061769769722128
CORP 06a2017-18,CORP 06a,2017-18,6.134375,9809.931874999998,1653.3125,5.92,7464.5,1268.5,5.9335013041999005
CORP 06a2018-19,CORP 06a,2018-19,6.3034375,10273.3303125,1654.86375,6.17,7933.0,1314.9,6.207961418273861
CORP 06a2019-20,CORP 06a,2019-20,6.427187499999999,10826.9878125,1705.05125,6.130000000000001,8048.0,1336.4299999999998,6.34994860858288
CORP 06a2020-21,CORP 06a,2020-21,4.124528818937501,7019.7375,1707.9112499999999,4.151295022499999,5010.0,1358.5,4.110130137031418
CORP 06a2021-22,CORP 06a,2021-22,5.835486128531249,10221.4725,1753.631875,5.58826023,7091.5,1455.55,5.828744701621028
CORP 06b2010-11,CORP 06b,2010-11,10.821562499999999,54101.59031250001,5012.605,10.675,41796.335,4242.0,10.793108635629581
CORP 06b2011-12,CORP 06b,2011-12,10.648750000000001,49394.6021875,4717.3040625,10.325,42390.575,3899.0,10.47093881019038
CORP 06b2012-13,CORP 06b,2012-13,11.3084375,50748.5328125,4612.0425000000005,10.845,42754.14,3655.895,11.003483340081969
CORP 06b2013-14,CORP 06b,2013-14,10.474374999999998,47183.487812499996,4565.3724999999995,10.31,37081.5,3683.9700000000003,10.335079517060219
CORP 06b2014-15,CORP 06b,2014-15,10.986875000000001,49065.9440625,4543.69125,11.04,36996.29,3695.0,10.798696778197682
CORP 06b2015-16,CORP 06b,2015-16,10.856250000000001,47784.78656249999,4493.5528125,10.58,35904.5,3523.5,10.634076989052856
CORP 06b2016-17,CORP 06b,2016-17,10.984375000000002,48883.4790625,4477.9603125,10.93,34765.75,3508.0,10.916460989179434
CORP 06b2017-18,CORP 06b,2017-18,11.374062499999999,51291.65,4496.5746875,11.370000000000001,37693.0,3648.5,11.406827099433116
CORP 06b2018-19,CORP 06b,2018-19,11.656249999999998,53589.81874999999,4664.7478125,11.655,36621.1,3623.0,11.488256365413108
CORP 06b2019-20,CORP 06b,2019-20,11.7509375,57064.7025,4795.992812500001,11.795,40010.15,3678.5,11.898412848173965
CORP 06b2020-21,CORP 06b,2020-21,9.4250419581875,45598.340625000004,4758.1003125,9.366407352500001,30754.0,3526.5,9.583307965409778
CORP 06b2021-22,CORP 06b,2021-22,12.18197977946875,59967.16156249999,4919.65375,12.37677555,41123.5,3690.0,12.189305306801314
CORP 072010-11,CORP 07,2010-11,0.9513125000000002,71778418.58524999,75765425.9045,0.9512499999999999,53370021.86,56593212.92,0.9473769562877465
CORP 072011-12,CORP 07,2011-12,0.9542218749999999,71501474.31396875,75198644.3035,0.9555,52953371.370000005,56177769.665,0.9508346191108239
CORP 072012-13,CORP 07,2012-13,0.9548312499999998,70884347.06128123,74486431.4995625,0.9556,52357546.935,55523872.83,0.9516410658187804
CORP 072013-14,CORP 07,2013-14,0.9549,70422570.36796875,73948941.94540626,0.9548,51780315.02,54850127.155,0.9523134275532854
CORP 072014-15,CORP 07,2014-15,0.9562441360312504,71112791.78696875,74495258.74221875,0.9549534125,52014526.415,54902230.135000005,0.954594869360014
CORP 072015-16,CORP 07,2015-16,0.9583004803124998,72023511.558,75292734.97846876,0.958692707,52550930.67,55299226.605000004,0.9565798290976726
CORP 072016-17,CORP 07,2016-17,0.9598454293749998,71652117.15106249,74772079.15903124,0.9593134235,52434832.705,55020723.16,0.9582737026566699
CORP 072017-18,CORP 07,2017-18,0.9613841754375,78087041.3484375,81340178.9770625,0.961607342,56155767.965,58724227.51,0.9600057724296087
CORP 072018-19,CORP 07,2018-19,0.9614685263437499,78552338.06565626,81813875.5963125,0.962392777,57179090.195,60026187.59,0.9601346653378289
CORP 072019-20,CORP 07,2019-20,0.9593493671875001,80564346.67578125,84129022.80187498,0.96238577,58853684.555,62011480.015,0.9576284615299931
CORP 072020-21,CORP 07,2020-21,0.9506185559999999,81144104.33687499,85621604.1665625,0.9551206839999999,59736387.019999996,63090681.045,0.9477059572374131
CORP 072021-22,CORP 07,2021-22,0.9582827267499999,81212166.4054375,84830548.8915625,0.961978326,59839351.675,62621930.93,0.957345761245158
CORP 082010-11,CORP 08,2010-11,0.8821000000000002,135614.75,151465.03125,0.89285,97871.5,114233.5,0.8953535273508881
CORP 082011-12,CORP 08,2011-12,0.88699375,129190.9375,143244.3125,0.8861,104291.0,123129.5,0.9018922653560852
CORP 082012-13,CORP 08,2012-13,0.8936968750000001,125535.8125,138756.53125,0.9032,102985.5,116628.5,0.9047200255663641
CORP 082013-14,CORP 08,2013-14,0.9077125,130667.75,142133.21875,0.9176,97859.5,107536.0,0.9193329409491052
CORP 082014-15,CORP 08,2014-15,0.9143031249999999,131114.03125,141707.96875,0.92615,98152.5,110604.0,0.9252410602350124
CORP 082015-16,CORP 08,2015-16,0.9177903225806454,132672.93548387097,143015.03225806452,0.9297,95480.0,106071.0,0.927685246712166
CORP 082016-17,CORP 08,2016-17,0.911371875,133562.21875,143523.0625,0.9402999999999999,95101.0,104632.5,0.9305976086595839
CORP 082017-18,CORP 08,2017-18,0.9173500000000002,130543.65625,140081.5,0.9390000000000001,93931.5,100084.5,0.9319121814800669
CORP 082018-19,CORP 08,2018-19,0.9182093749999999,135550.34375,146253.138125,0.92615,93796.5,100177.5,0.9268200702411424
CORP 082019-20,CORP 08,2019-20,0.9093375000000001,130914.78125,142739.4375,0.92755,91196.0,98109.5,0.9171591505676208
CORP 082020-21,CORP 08,2020-21,0.9084718749999997,104382.25,113756.875,0.9359999999999999,74499.0,81091.5,0.9175906950678805
CORP 082021-22,CORP 08,2021-22,0.913884375,122351.78125,132706.625,0.9359999999999999,86149.5,92682.5,0.9219719154940456
CORP 112013-14,CORP 11,2013-14,0.81580691246875,896892.84375,1031101.25,0.8523276955,560266.0,668071.0,0.8698397405201478
CORP 112014-15,CORP 11,2014-15,0.9091807316875001,1111847.6875,1168815.0,0.935594379,732495.0,784407.0,0.9512606250775358
CORP 112015-16,CORP 11,2015-16,0.9101495397187498,1038343.5,1101442.375,0.935437713,671675.5,748004.5,0.9427125045919901
CORP 112016-17,CORP 11,2016-17,0.95827448728125,1078586.0625,1102992.0625,0.9816977055,709308.5,716510.5,0.977872914203315
CORP 112017-18,CORP 11,2017-18,0.9179286042812502,1026991.78125,1077869.09375,0.951334688,712889.5,744235.5,0.952798245357427
CORP 112018-19,CORP 11,2018-19,0.9529793134062501,1102184.375,1102779.75,0.9829403335,792846.5,819123.5,0.9994601143156646
CORP 112019-20,CORP 11,2019-20,0.99274256090625,1176091.28125,1090914.0625,1.018345182,724126.0,803795.5,1.0780787613598115
CORP 112020-21,CORP 11,2020-21,0.77699523309375,1545680.46875,1858028.90625,0.803777956,976186.0,1327688.0,0.831892584421411
CORP 112021-22,CORP 11,2021-22,1.096658690875,1690921.875,1468429.25,1.019987776,1093495.5,1049357.5,1.1515174292530608
CORP 122017-18,CORP 12,2017-18,1.009596875,1850771.96875,1828014.1875,0.9937,1247272.5,1141396.5,1.0124494554832333
CORP 122018-19,CORP 12,2018-19,1.022275,1952123.1875,1902338.71875,1.0247,1250622.0,1177814.0,1.026170139029033
CORP 122019-20,CORP 12,2019-20,1.0101875,2062519.125,1974627.28125,0.9874499999999999,1305893.5,1285705.0,1.0445105993341497
CORP 122020-21,CORP 12,2020-21,0.9378718750000001,2389577.875,2457632.3125,0.92635,1475456.0,1618179.0,0.9723089425729545
CORP 122021-22,CORP 12,2021-22,0.9037624999999999,2464574.90625,2567585.21875,0.89295,1445048.5,1725886.0,0.9598804698875196
CORP-ASSET 012010-11,CORP-ASSET 01,2010-11,0.7720541627419353,272.0,366.93548387096774,0.80104712,221.0,273.0,0.7412747252747253
CORP-ASSET 012011-12,CORP-ASSET 01,2011-12,0.7887473279062499,273.40625,358.96875,0.8162519315000001,217.5,272.5,0.7616435971097762
CORP-ASSET 012012-13,CORP-ASSET 01,2012-13,0.79945700828125,282.7741935483871,363.03125,0.828695017,210.0,264.0,0.7545837996040285
CORP-ASSET 012013-14,CORP-ASSET 01,2013-14,0.8155278414687501,278.90625,356.625,0.8375087505000001,223.0,261.0,0.7820715036803365
CORP-ASSET 012014-15,CORP-ASSET 01,2014-15,0.81891413384375,258.5,327.59375,0.8437222725,222.5,254.0,0.789087093389297
CORP-ASSET 012015-16,CORP-ASSET 01,2015-16,0.8247329674375,253.84375,318.84375,0.8439013965,227.0,248.5,0.796138390669411
CORP-ASSET 012016-17,CORP-ASSET 01,2016-17,0.8278281976562497,249.1875,312.25,0.826557712,216.5,245.0,0.7980384307445957
CORP-ASSET 012017-18,CORP-ASSET 01,2017-18,0.8353381645312499,252.25,312.1875,0.8448552375,209.0,234.5,0.808008008008008
CORP-ASSET 012018-19,CORP-ASSET 01,2018-19,0.84496623428125,253.6875,308.8125,0.844977098,213.0,237.0,0.8214936247723132
CORP-ASSET 012019-20,CORP-ASSET 01,2019-20,0.8496669880625001,253.96875,307.9375,0.862344322,218.5,248.5,0.8247412218388471
CORP-ASSET 012020-21,CORP-ASSET 01,2020-21,0.8469319973124999,251.5625,305.625,0.8524279885,214.5,244.5,0.8231083844580777
CORP-ASSET 012021-22,CORP-ASSET 01,2021-22,0.8660987867812502,249.40625,292.53125,0.8875745015000001,222.5,247.0,0.8525798525798526
CORP-ASSET 022010-11,CORP-ASSET 02,2010-11,0.8124042841875001,326013.28125,400972.75,0.829185583,265173.0,301237.0,0.8130559526800761
CORP-ASSET 022011-12,CORP-ASSET 02,2011-12,0.81836599209375,331531.8125,405350.0625,0.846158118,266080.0,298957.5,0.8178901230587574
CORP-ASSET 022012-13,CORP-ASSET 02,2012-13,0.82886010053125,329444.65625,402016.96875,0.847169763,250686.5,303037.5,0.8194794793721005
CORP-ASSET 022013-14,CORP-ASSET 02,2013-14,0.83197789984375,324541.21875,401082.34375,0.8623154365000001,245162.5,279694.5,0.8091635640592818
CORP-ASSET 022014-15,CORP-ASSET 02,2014-15,0.8399691511249998,337350.78125,410574.875,0.864229309,258197.0,274070.0,0.8216547134064158
CORP-ASSET 022015-16,CORP-ASSET 02,2015-16,0.8328993460000002,334203.84375,410100.15625,0.8502488455,257562.5,288362.5,0.8149322516869926
CORP-ASSET 022016-17,CORP-ASSET 02,2016-17,0.84736399053125,343599.40625,406699.46875,0.857363775,252242.5,286193.0,0.8448484265446929
CORP-ASSET 022017-18,CORP-ASSET 02,2017-18,0.8683347523749999,349136.46875,404523.28125,0.8773019145000001,253244.0,294934.5,0.8630812735206449
CORP-ASSET 022018-19,CORP-ASSET 02,2018-19,0.87288659440625,358151.4375,410656.84375,0.8904608695,273814.5,305316.5,0.8721428680682982
CORP-ASSET 022019-20,CORP-ASSET 02,2019-20,0.8858919995625,362040.96875,408550.21875,0.8988860359999999,269721.5,293291.5,0.8861602616630591
CORP-ASSET 022020-21,CORP-ASSET 02,2020-21,0.8927997329999998,365678.3125,409932.25,0.9061743675,265074.0,296497.5,0.8920457282880281
CORP-ASSET 022021-22,CORP-ASSET 02,2021-22,0.9004535794687498,372400.9032258064,413215.1935483871,0.9189940169999999,263260.0,308592.0,0.9012275178652129
ECON 012012-13,ECON 01,2012-13,0.082,666.1379310344828,6962.068965517241,0.0736,360.0,4800.0,0.09568103021297672
ECON 012013-14,ECON 01,2013-14,0.11336451612903224,803.0,6432.258064516129,0.1011,444.0,4400.0,0.124839518555667
ECON 012014-15,ECON 01,2014-15,0.12652258064516128,775.9354838709677,5487.096774193548,0.1227,433.0,3700.0,0.14141093474426808
ECON 012015-16,ECON 01,2015-16,0.11905,682.1875,4831.25,0.10575000000000001,407.5,3150.0,0.14120310478654594
ECON 012016-17,ECON 01,2016-17,0.12302499999999998,533.15625,3803.125,0.1325,330.0,2450.0,0.14018898931799506
ECON 012017-18,ECON 01,2017-18,0.13257096774193547,531.258064516129,3712.9032258064517,0.1245,345.0,2300.0,0.1430842745438749
ECON 012018-19,ECON 01,2018-19,0.13507741935483872,495.3225806451613,3690.3225806451615,0.13,386.0,2200.0,0.13422202797202798
ECON 012019-20,ECON 01,2019-20,0.12968124999999997,352.1875,2781.25,0.1372,315.0,1800.0,0.12662921348314607
ECON 012020-21,ECON 01,2020-21,0.06700120528124999,235.96875,3971.875,0.0564761905,150.0,2750.0,0.05940991345397325
ECON 012021-22,ECON 01,2021-22,0.21700689865625,589.9354838709677,2896.875,0.168525641,361.0,1900.0,0.19728155339805825
ECON 022010-11,ECON 02,2010-11,4532.679855281251,4746593.75,1081.6875,4054.412913,3232000.0,777.5,4388.137747732131
ECON 022011-12,ECON 02,2011-12,4704.780900875,4626718.75,1026.0625,3577.414868,3124000.0,768.5,4509.1977827861365
ECON 022012-13,ECON 02,2012-13,6056.5198628749995,5368625.0,907.71875,3847.6455235000003,3032500.0,692.0,5914.414569490825
ECON 022013-14,ECON 02,2013-14,4411.8331681875,3692781.25,930.59375,3546.061712,2896000.0,661.5,3968.1990664562277
ECON 022014-15,ECON 02,2014-15,4467.580909656252,3590312.5,922.15625,4113.2203865,2887000.0,679.5,3893.38845775865
ECON 022015-16,ECON 02,2015-16,5018.484573250001,4086750.0,891.71875,4536.6248275,2894000.0,666.5,4583.003329244787
ECON 022016-17,ECON 02,2016-17,4384.858860000001,3579406.25,835.8125,4251.9857405,2696000.0,625.0,4282.546922904359
ECON 022017-18,ECON 02,2017-18,4785.43310771875,3620562.5,812.28125,4711.491717999999,2841500.0,609.0,4457.2769591813185
ECON 022018-19,ECON 02,2018-19,5022.618761406251,3752093.75,782.09375,4644.3066794999995,2739500.0,607.5,4797.4987014024855
ECON 022019-20,ECON 02,2019-20,5014.200683281251,3569625.0,762.65625,4439.658821,2811500.0,584.5,4680.516287645974
ECON 022020-21,ECON 02,2020-21,5595.387047437498,3474656.25,679.03125,5221.1383129999995,2788000.0,518.5,5117.078558608311
ECON 022021-22,ECON 02,2021-22,4707.3445896875,3389593.75,783.03125,4520.67951,2856000.0,615.0,4328.810312487529
ECON 032012-13,ECON 03,2012-13,12.819375,,,10.635,,,
ECON 032013-14,ECON 03,2013-14,10.799374999999998,,,9.69,,,
ECON 032014-15,ECON 03,2014-15,10.522580645161288,,,9.85,,,
ECON 032015-16,ECON 03,2015-16,9.911612903225805,,,9.16,,,
ECON 032016-17,ECON 03,2016-17,9.5896875,,,8.945,,,
ECON 032017-18,ECON 03,2017-18,9.339062499999999,,,8.84,,,
ECON 032018-19,ECON 03,2018-19,9.085625,,,8.344999999999999,,,
ECON 032019-20,ECON 03,2019-20,10.542580645161289,,,9.38,,,
ECON 032020-21,ECON 03,2020-21,11.081371106968753,,,10.08362369,,,
ECON 032021-22,ECON 03,2021-22,11.713880515633333,,,11.500710405,,,
ECON 042010-11,ECON 04,2010-11,0.26928208184375,,,0.2624899005,,,
ECON 042011-12,ECON 04,2011-12,0.25534889831249996,,,0.262096363,,,
ECON 042012-13,ECON 04,2012-13,0.26242773471875,,,0.240588559,,,
ECON 042013-14,ECON 04,2013-14,0.26410296850000003,,,0.23956579649999998,,,
ECON 042014-15,ECON 04,2014-15,0.26448318046874997,,,0.2565459805,,,
ECON 042015-16,ECON 04,2015-16,0.26398584978125,,,0.2435216325,,,
ECON 042016-17,ECON 04,2016-17,0.2584719274999999,,,0.251611414,,,
ECON 042017-18,ECON 04,2017-18,0.26663500703125004,,,0.25172489249999996,,,
ECON 042018-19,ECON 04,2018-19,0.27662116296874995,,,0.2801019365,,,
ECON 042019-20,ECON 04,2019-20,0.26762997062500005,,,0.2623112735,,,
ECON 042020-21,ECON 04,2020-21,0.26739692531250003,,,0.2429676775,,,
ECON 042021-22,ECON 04,2021-22,0.27305625,,,0.24855,,,
ECON 062010-11,ECON 06,2010-11,103940.40060093753,16746437.5,163.19062499999998,81061.78588,8588000.0,116.555,102618.86980333584
ECON 062011-12,ECON 06,2011-12,95548.87787937501,15075125.0,164.21249999999998,66980.79768,9350000.0,116.67500000000001,91802.54243739058
ECON 062012-13,ECON 06,2012-13,88268.0033490625,14316500.0,166.05,60048.10088,6962500.0,119.465,86218.00662451069
ECON 062013-14,ECON 06,2013-14,90007.50702968749,13954906.25,166.49062500000002,75273.459325,7804000.0,119.34,83817.97023105655
ECON 062014-15,ECON 06,2014-15,79016.5396415625,13282312.5,167.11249999999993,63243.847330000004,7758500.0,119.405,79481.2626224849
ECON 062015-16,ECON 06,2015-16,75468.59317624997,12253656.25,167.90625000000003,57938.078115,8293500.0,119.48,72979.1550344314
ECON 062016-17,ECON 06,2016-17,90137.96893593753,15283250.0,168.89687500000002,65193.9807,8650500.0,119.36,90488.6487686643
ECON 062017-18,ECON 06,2017-18,103784.43391562499,17282937.5,169.52500000000003,62365.69321,9368500.0,119.11,101949.19628373394
ECON 062018-19,ECON 06,2018-19,115427.198414375,19701687.5,169.940625,66813.16919,10070500.0,118.94,115932.77063680328
ECON 062019-20,ECON 06,2019-20,131030.40471625004,18614594.862281255,170.72812500000003,63708.337465000004,10176018.105,119.105,109030.62903245293
ECON 062020-21,ECON 06,2020-21,82666.362085625,15118500.0,170.81249999999997,67885.359085,8668000.0,118.71000000000001,88509.3304061471
ECON 062021-22,ECON 06,2021-22,117596.92156250002,20403125.0,171.246875,88987.209195,11172000.0,119.07,119144.50993631271
ECON 072012-13,ECON 07,2012-13,0.2088620689655172,,,0.204,,,
ECON 072013-14,ECON 07,2013-14,0.20944827586206893,,,0.212,,,
ECON 072014-15,ECON 07,2014-15,0.21772413793103448,,,0.214,,,
ECON 072015-16,ECON 07,2015-16,0.22431034482758616,,,0.228,,,
ECON 072016-17,ECON 07,2016-17,0.22431034482758622,,,0.224,,,
ECON 072017-18,ECON 07,2017-18,0.20768965517241378,,,0.204,,,
ECON 072018-19,ECON 07,2018-19,0.2219655172413794,,,0.216,,,
ECON 072019-20,ECON 07,2019-20,0.1973137931034483,,,0.192,,,
ECON 072020-21,ECON 07,2020-21,0.1858846153846154,,,0.1755,,,
ECON 072021-22,ECON 07,2021-22,0.1711851851851852,,,0.165,,,
ECON 082013-14,ECON 08,2013-14,0.5278125,,,0.585,,,
ECON 082014-15,ECON 08,2014-15,0.6471875,,,0.685,,,
ECON 082015-16,ECON 08,2015-16,0.7681250000000001,,,0.815,,,
ECON 082016-17,ECON 08,2016-17,0.8509375,,,0.89,,,
ECON 082017-18,ECON 08,2017-18,0.8846875000000002,,,0.9293,,,
ECON 082018-19,ECON 08,2018-19,0.8917187499999999,,,0.9335,,,
ECON 082019-20,ECON 08,2019-20,0.9097500000000001,,,0.9435,,,
ECON 082020-21,ECON 08,2020-21,0.916,,,0.9495,,,
ECON 082021-22,ECON 08,2021-22,0.91415625,,,0.9564999999999999,,,
ECON 092014-15,ECON 09,2014-15,0.0953258064516129,,,0.0918,,,
ECON 092015-16,ECON 09,2015-16,0.1013758620689655,,,0.1054,,,
ECON 092016-17,ECON 09,2016-17,0.10583103448275862,,,0.0986,,,
ECON 092017-18,ECON 09,2017-18,0.11377307692307692,,,0.10105,,,
ECON 092018-19,ECON 09,2018-19,0.103321875,,,0.10275000000000001,,,
ECON 092019-20,ECON 09,2019-20,0.10871562500000001,,,0.11095,,,
ECON 092020-21,ECON 09,2020-21,0.11358040825,,,0.114895414,,,
ECON 092021-22,ECON 09,2021-22,0.11188811359375,,,0.11772118300000001,,,
ECON 102014-15,ECON 10,2014-15,0.36789415806451614,,,0.268292683,,,
ECON 102015-16,ECON 10,2015-16,0.4582031539999999,,,0.408262701,,,
ECON 102016-17,ECON 10,2016-17,0.4263638884999999,,,0.383261113,,,
ECON 102017-18,ECON 10,2017-18,0.4160578889285714,,,0.3925096885,,,
ECON 102018-19,ECON 10,2018-19,0.4599621398125,,,0.4335543705,,,
ECON 102019-20,ECON 10,2019-20,0.45893481046875,,,0.44865864850000003,,,
ECON 102020-21,ECON 10,2020-21,0.47120259015625,,,0.4336418265,,,
ECON 102021-22,ECON 10,2021-22,0.399056394625,,,0.3087355315,,,
ECON 112011-12,ECON 11,2011-12,22277.115687312504,,,21459.07352,,,
ECON 112012-13,ECON 11,2012-13,22333.981151875,,,20839.93256,,,
ECON 112013-14,ECON 11,2013-14,22798.5028228125,,,21167.60637,,,
ECON 112014-15,ECON 11,2014-15,23431.114975625,,,21647.73404,,,
ECON 112015-16,ECON 11,2015-16,23512.8001421875,,,21480.06653,,,
ECON 112016-17,ECON 11,2016-17,23368.19318,,,21541.729769999998,,,
ECON 112017-18,ECON 11,2017-18,23861.284694687496,,,22550.08857,,,
ECON 112018-19,ECON 11,2018-19,23770.882633437493,,,22296.03122,,,
ECON 112019-20,ECON 11,2019-20,23983.71288625,,,22363.861409999998,,,
ECON 112020-21,ECON 11,2020-21,21821.867468750002,,,20517.229285,,,
ENV 01a2012-13,ENV 01a,2012-13,73.36425958312499,5660176.695271876,80450.78125,75.422254525,4263299.144,58918.0,70.35577041424786
ENV 01a2013-14,ENV 01a,2013-14,73.883889714375,5814169.238296875,81505.6875,70.957875075,4284170.625,58672.0,71.33452175710897
ENV 01a2014-15,ENV 01a,2014-15,71.1764627775,6074982.976259375,81466.5625,68.73031392499999,4334287.919500001,58765.0,74.57026281499695
ENV 01a2015-16,ENV 01a,2015-16,70.434379683125,6020490.014850001,81993.78125,65.98623258500001,4587611.534500001,59605.0,73.42617846216234
ENV 01a2016-17,ENV 01a,2016-17,70.26842890875,5952064.35566875,82485.15625,69.680648985,4273151.551999999,59659.0,72.15921780676447
ENV 01a2017-18,ENV 01a,2017-18,69.25509979187501,6013553.852925001,82933.0,67.871542815,4416783.757999999,59659.0,72.51098902638275
ENV 01a2018-19,ENV 01a,2018-19,68.80447452562501,6065734.5521,83716.71875,65.682240975,4346783.5335,59843.0,72.45547415939544
ENV 01a2019-20,ENV 01a,2019-20,68.45310467375,6127334.925415626,84403.25,64.989390335,4353545.8395,60252.0,72.59595957994065
ENV 01a2020-21,ENV 01a,2020-21,70.4434926496875,6314343.75,85039.5625,69.450325595,4529000.0,60473.0,74.25183719636375
ENV 01a2021-22,ENV 01a,2021-22,69.238582249375,6001156.25,85615.90625,68.18525002999999,4506000.0,60954.0,70.09394063384104
ENV 02a2012-13,ENV 02a,2012-13,108.65521570468748,8836118.863625001,80450.78125,100.42558512,5787138.517000001,58918.0,109.83260480922927
ENV 02a2013-14,ENV 02a,2013-14,105.81272366531248,8739758.973406248,81505.6875,101.1728922,5402766.703,58672.0,107.2288234291165
ENV 02a2014-15,ENV 02a,2014-15,106.58688824937502,8546122.2855875,81466.5625,101.2945877,5902498.502,58765.0,104.90343551180892
ENV 02a2015-16,ENV 02a,2015-16,112.14488201625001,9131930.235096876,81993.78125,108.48937749999999,6094144.9845,59605.0,111.37344925285875
ENV 02a2016-17,ENV 02a,2016-17,111.349888806875,9108467.942868752,82485.15625,105.36704345,6199535.6765,59659.0,110.42554026644949
ENV 02a2017-18,ENV 02a,2017-18,111.91208798218751,9242334.33969375,82933.0,106.9484487,6067650.7985,59659.0,111.4433861031646
ENV 02a2018-19,ENV 02a,2018-19,107.1146198125,8788302.583084375,83716.71875,104.3905244,5994076.4995,59843.0,104.97667269220791
ENV 02a2019-20,ENV 02a,2019-20,108.05600205125002,8788974.736143747,84403.25,103.8323182,6517669.231,60252.0,104.13076198065534
ENV 02a2020-21,ENV 02a,2020-21,110.34834747156248,9241093.75,85039.5625,108.99644365,7064500.0,60473.0,108.668171358478
ENV 02a2021-22,ENV 02a,2021-22,103.60443832718751,8585812.5,85615.90625,101.5366702,6023500.0,60954.0,100.2829132583059
ENV 03a2010-11,ENV 03a,2010-11,21977.190992281252,3992412.128356249,163.19062499999998,20963.193724999997,2439473.6454999996,116.555,24464.714981980425
ENV 03a2011-12,ENV 03a,2011-12,20431.371083437498,3863529.93048125,164.21249999999998,19375.232275000002,2417134.7654999997,116.67500000000001,23527.62384399026
ENV 03a2012-13,ENV 03a,2012-13,19237.97540075,3464823.080734375,166.05,18532.664510000002,2310452.279,119.465,20866.143214299154
ENV 03a2013-14,ENV 03a,2013-14,17294.863547843746,3145942.4011437506,166.49062500000002,17304.966204999997,2228466.757,119.34,18895.612897986
ENV 03a2014-15,ENV 03a,2014-15,16433.339165843743,3039953.498325,167.11249999999993,15378.563275,2038041.182,119.405,18191.05990470492
ENV 03a2015-16,ENV 03a,2015-16,15694.98946596875,2964058.84149375,167.90625000000003,14556.61305,2015188.5225,119.48,17653.058426912336
ENV 03a2016-17,ENV 03a,2016-17,14810.94846046875,2736090.16214375,168.89687500000002,14160.89595,1771535.4875,119.36,16199.76782959276
ENV 03a2017-18,ENV 03a,2017-18,14490.94516728125,2879090.961515626,169.52500000000003,13346.907055,1521171.761,119.11,16983.282474653446
ENV 03a2018-19,ENV 03a,2018-19,14161.545777437503,2718895.8509531263,169.940625,12871.78756,1557274.0115,118.94,15999.092924091141
ENV 03a2019-20,ENV 03a,2019-20,14066.261420874998,2736213.9496875005,170.72812500000003,12222.572315000001,1742999.5270000002,119.105,16026.732266212728
ENV 03a2020-21,ENV 03a,2020-21,13306.439278374999,2540531.25,170.81249999999997,12180.62507,1623000.0,118.71000000000001,14873.216245883646
ENV 03a2021-22,ENV 03a,2021-22,13859.819897656254,2523312.5,171.246875,14122.46878,1783500.0,119.07,14734.94041862078
ENV 03c2010-11,ENV 03c,2010-11,0.9539744318125003,,,0.956,,,
ENV 03c2011-12,ENV 03c,2011-12,0.9614375,,,0.9664999999999999,,,
ENV 03c2012-13,ENV 03c,2012-13,0.9580312499999999,,,0.9624999999999999,,,
ENV 03c2013-14,ENV 03c,2013-14,0.9608709677419356,,,0.969,,,
ENV 03c2014-15,ENV 03c,2014-15,0.9362826713548387,,,0.944971537,,,
ENV 03c2015-16,ENV 03c,2015-16,0.935741935483871,,,0.943,,,
ENV 03c2016-17,ENV 03c,2016-17,0.9415138319999999,,,0.947368421,,,
ENV 03c2017-18,ENV 03c,2017-18,0.9261083153225808,,,0.934579439,,,
ENV 03c2018-19,ENV 03c,2018-19,0.9316774193548388,,,0.929,,,
ENV 03c2019-20,ENV 03c,2019-20,0.9237022406451614,,,0.926267281,,,
ENV 03c2020-21,ENV 03c,2020-21,0.9136180416129033,,,0.925925926,,,
ENV 03c2021-22,ENV 03c,2021-22,0.9042580645161289,,,0.898,,,
ENV 04a2010-11,ENV 04a,2010-11,16665.949615687503,22261313.846687496,1628.46875,14467.75159,16936441.68,1098.0,13670.089675769028
ENV 04a2011-12,ENV 04a,2011-12,15104.828166812496,20321808.628999997,1632.428875,13492.429800000002,15645211.31,1099.0,12448.817182923205
ENV 04a2012-13,ENV 04a,2012-13,14921.74477496875,19354017.012250002,1635.7996874999997,14283.545605,15510316.65,1100.5,11831.532405919968
ENV 04a2013-14,ENV 04a,2013-14,14025.937785562497,18752953.490875,1642.50625,13325.634125,14132818.675,1107.445,11417.279837367438
ENV 04a2014-15,ENV 04a,2014-15,14466.855838718746,18620252.900468748,1643.9996562500003,11536.97763,13337553.365,1108.89,11326.190263896988
ENV 04a2015-16,ENV 04a,2015-16,14682.680965125,19315604.849531252,1653.1354999999999,12356.64833,13595950.014999999,1109.6750000000002,11684.22361598989
ENV 04a2016-17,ENV 04a,2016-17,14038.67050278125,19139878.482874997,1655.885625,12541.136235,13230334.614999998,1110.695,11558.695959375213
ENV 04a2017-18,ENV 04a,2017-18,13654.081258999999,18366582.776062503,1655.4296875000005,12541.012235,12857418.54,1111.71,11094.75256771514
ENV 04a2018-19,ENV 04a,2018-19,13423.66529696875,17885775.805437494,1672.5484374999999,12337.56022,13907119.934999999,1185.705,10693.726653544223
ENV 04a2019-20,ENV 04a,2019-20,12866.291698406252,17264039.209218748,1677.7231250000004,10528.523990000002,13047460.925,1185.705,10290.159891083782
ENV 04a2020-21,ENV 04a,2020-21,12591.670290718748,16158781.25,1678.7900000000006,10370.77119,11902000.0,1186.505,9625.25464769268
ENV 04a2021-22,ENV 04a,2021-22,14007.809364937499,18629781.25,1681.7138125000008,10694.689935,12990000.0,1188.965,11077.854692948828
ENV 04b2009-11,ENV 04b,2009-11,0.2973459209375,,,0.267968033,,,
ENV 04b2010-12,ENV 04b,2010-12,0.29602434509375,,,0.27337001699999997,,,
ENV 04b2011-13,ENV 04b,2011-13,0.279321875,,,0.2595,,,
ENV 04b2012-14,ENV 04b,2012-14,0.2685968750000001,,,0.25995,,,
ENV 04b2013-15,ENV 04b,2013-15,0.27751793234375,,,0.2731098155,,,
ENV 04b2014-16,ENV 04b,2014-16,0.2721318885312499,,,0.264275461,,,
ENV 04b2015-17,ENV 04b,2015-17,0.26833474434375,,,0.2498275375,,,
ENV 04b2016-18,ENV 04b,2016-18,0.2741413149375,,,0.26689692,,,
ENV 04b2017-19,ENV 04b,2017-19,0.27526179778124993,,,0.2720644755,,,
ENV 04b2018-20,ENV 04b,2018-20,0.27752352171875005,,,0.284230567,,,
ENV 04b2019-21,ENV 04b,2019-21,0.27262500000000006,,,0.2655,,,
ENV 04b2020-22,ENV 04b,2020-22,0.25528490103125,,,0.256772635,,,
ENV 04c2009-11,ENV 04c,2009-11,0.3429331116875,,,0.3168998925,,,
ENV 04c2010-12,ENV 04c,2010-12,0.33992842356249997,,,0.320839608,,,
ENV 04c2011-13,ENV 04c,2011-13,0.3246875,,,0.3125,,,
ENV 04c2012-14,ENV 04c,2012-14,0.32431249999999995,,,0.31515000000000004,,,
ENV 04c2013-15,ENV 04c,2013-15,0.32740145309375,,,0.33814069999999996,,,
ENV 04c2014-16,ENV 04c,2014-16,0.31701674556250004,,,0.318223045,,,
ENV 04c2015-17,ENV 04c,2015-17,0.3147075746250001,,,0.3165262185,,,
ENV 04c2016-18,ENV 04c,2016-18,0.32256007234375,,,0.326883074,,,
ENV 04c2017-19,ENV 04c,2017-19,0.3163944613437501,,,0.310901156,,,
ENV 04c2018-20,ENV 04c,2018-20,0.310147759375,,,0.3068607645,,,
ENV 04c2019-21,ENV 04c,2019-21,0.30703125,,,0.3115,,,
ENV 04c2020-22,ENV 04c,2020-22,0.28822034321875,,,0.2845631585,,,
ENV 04d2009-11,ENV 04d,2009-11,0.3647627033749999,,,0.33891755300000004,,,
ENV 04d2010-12,ENV 04d,2010-12,0.36449359825000005,,,0.353295606,,,
ENV 04d2011-13,ENV 04d,2011-13,0.348109375,,,0.3455,,,
ENV 04d2012-14,ENV 04d,2012-14,0.35766250000000005,,,0.37439999999999996,,,
ENV 04d2013-15,ENV 04d,2013-15,0.3671982912499999,,,0.3830592485,,,
ENV 04d2014-16,ENV 04d,2014-16,0.34090744571875,,,0.33002339199999997,,,
ENV 04d2015-17,ENV 04d,2015-17,0.3355468990000001,,,0.321303814,,,
ENV 04d2016-18,ENV 04d,2016-18,0.34861126978125007,,,0.3400172845,,,
ENV 04d2017-19,ENV 04d,2017-19,0.35093504409375004,,,0.3438190045,,,
ENV 04d2018-20,ENV 04d,2018-20,0.33720519043749997,,,0.335945897,,,
ENV 04d2019-21,ENV 04d,2019-21,0.32381249999999995,,,0.3215,,,
ENV 04d2020-22,ENV 04d,2020-22,0.3102765184375,,,0.3023295265,,,
ENV 04e2007-11,ENV 04e,2007-11,0.40003824565625,,,0.38738122350000004,,,
ENV 04e2008-12,ENV 04e,2008-12,0.39446848225,,,0.38555341249999997,,,
ENV 04e2009-13,ENV 04e,2009-13,0.397975,,,0.3645,,,
ENV 04e2010-14,ENV 04e,2010-14,0.396321875,,,0.373,,,
ENV 04e2011-15,ENV 04e,2011-15,0.39152714540625005,,,0.3650795725,,,
ENV 04e2012-16,ENV 04e,2012-16,0.3942361145,,,0.36990369300000003,,,
ENV 04e2013-17,ENV 04e,2013-17,0.39038379387499994,,,0.3640132595,,,
ENV 04e2014-18,ENV 04e,2014-18,0.38205939715625,,,0.36249564349999996,,,
ENV 04e2015-19,ENV 04e,2015-19,0.38092858890624987,,,0.3689938175,,,
ENV 04e2016-20,ENV 04e,2016-20,0.37685568484375,,,0.3555528105,,,
ENV 04e2017-21,ENV 04e,2017-21,0.37953125,,,0.3575,,,
ENV 04e2018-22,ENV 04e,2018-22,0.36790781984374993,,,0.3468024805,,,
ENV 052010-11,ENV 05,2010-11,32082.168719375,4894117.86320625,163.19062499999998,30406.096895000002,3734076.8600000003,116.555,29990.190081116794
ENV 052011-12,ENV 05,2011-12,29530.370179375,4368005.934228126,164.21249999999998,26049.69815,3424173.0820000004,116.67500000000001,26599.71642979753
ENV 052012-13,ENV 05,2012-13,28452.461374374998,4220420.707959374,166.05,23498.5494,3159542.0034999996,119.465,25416.56554025519
ENV 052013-14,ENV 05,2013-14,26385.10409625,4432502.39824375,166.49062500000002,24243.801935,3062614.846,119.34,26623.135075886403
ENV 052014-15,ENV 05,2014-15,25314.171698125,4280734.707156248,167.11249999999993,23430.238925,2824734.279,119.405,25615.885748560104
ENV 052015-16,ENV 05,2015-16,25066.414760624997,4287883.675268752,167.90625000000003,22713.154970000003,2824464.4579999996,119.48,25537.367878019733
ENV 052016-17,ENV 05,2016-17,24198.125760624996,4036755.8216031245,168.89687500000002,22434.61193,2711248.6950000003,119.36,23900.713507003158
ENV 052017-18,ENV 05,2017-18,24156.382634218753,3985176.0006374987,169.52500000000003,21853.937684999997,2348803.506,119.11,23507.89559438135
ENV 052018-19,ENV 05,2018-19,23092.572077187495,3803300.8331937497,169.940625,21622.261995,2424043.347,118.94,22380.174447362126
ENV 052019-20,ENV 05,2019-20,21947.893986249997,3589192.6069968753,170.72812500000003,19524.193965,2181516.4924999997,119.105,21022.854945527426
ENV 052020-21,ENV 05,2020-21,21270.48481250001,3330433.6089593754,170.81249999999997,19223.362685,2191125.382,118.71000000000001,19497.59888157703
ENV 052021-22,ENV 05,2021-22,25893.6245128125,3793465.900396875,171.246875,20868.73632,2723776.586,119.07,22152.029929870983
ENV 05a2012-13,ENV 05a,2012-13,6578.676526937501,1011678.2093531248,166.05,6325.022996,687245.01205,119.465,6092.611920223576
ENV 05a2013-14,ENV 05a,2013-14,6983.419853499999,1085657.6986625001,166.49062500000002,7150.224040499999,871958.1489500001,119.34,6520.833822700227
ENV 05a2014-15,ENV 05a,2014-15,7046.996359874999,1075053.7843656251,167.11249999999993,7056.2593075,832123.4735000001,119.405,6433.114125906953
ENV 05a2015-16,ENV 05a,2015-16,6894.78221275,1100823.8776874999,167.90625000000003,6972.3837695,801846.1420499999,119.48,6556.181664991623
ENV 05a2016-17,ENV 05a,2016-17,6605.164309156251,1037506.8300093751,168.89687500000002,6381.2704935,723931.35265,119.36,6142.842074546228
ENV 05a2017-18,ENV 05a,2017-18,7010.972500593751,1097601.2641406246,169.52500000000003,6277.3108655,744648.74845,119.11,6474.568731105291
ENV 05a2018-19,ENV 05a,2018-19,7047.60001803125,1079115.6944375,169.940625,5826.6565185,790226.2723000001,118.94,6349.957194976187
ENV 05a2019-20,ENV 05a,2019-20,6987.048746406252,1109282.743315625,170.72812500000003,6242.004118,776364.77255,119.105,6497.36382517892
ENV 05a2020-21,ENV 05a,2020-21,6839.76165315625,1039148.9095968751,170.81249999999997,6630.1828075,770742.46455,118.71000000000001,6083.564783589463
ENV 05a2021-22,ENV 05a,2021-22,7024.1131605312485,1014827.84781125,171.246875,6084.7550615,815834.0361499999,119.07,5926.110171711163
ENV 05b2012-13,ENV 05b,2012-13,21873.78484771875,3208742.498615625,166.05,18297.100275,2358053.6645,119.465,19323.953620088072
ENV 05b2013-14,ENV 05b,2013-14,19401.684243093754,3346844.699718749,166.49062500000002,17778.151944999998,2212179.3465,119.34,20102.301254012044
ENV 05b2014-15,ENV 05b,2014-15,18267.1753373125,3205680.922746875,167.11249999999993,16895.55845,1831016.6825,119.405,19182.77162239136
ENV 05b2015-16,ENV 05b,2015-16,18171.63254834375,3187059.7975874995,167.90625000000003,17231.808155,2016331.5675,119.48,18981.18621306532
ENV 05b2016-17,ENV 05b,2016-17,17592.96145184375,2999248.9916718756,168.89687500000002,16775.58833,1949303.959,119.36,17757.871432919495
ENV 05b2017-18,ENV 05b,2017-18,17145.410133531255,2887574.7363750003,169.52500000000003,14784.9383,1667903.2854999998,119.11,17033.326862557144
ENV 05b2018-19,ENV 05b,2018-19,16044.97205915625,2724185.1384187504,169.940625,14628.59051,1574523.1524999999,118.94,16030.217250399957
ENV 05b2019-20,ENV 05b,2019-20,14960.845239562499,2479909.86395625,170.72812500000003,12741.444790000001,1455222.768,119.105,14525.49112195925
ENV 05b2020-21,ENV 05b,2020-21,14430.723160531248,2291284.699403125,170.81249999999997,12474.881345,1373686.8025,118.71000000000001,13414.034098225395
ENV 05b2021-22,ENV 05b,2021-22,16167.196612843745,2571369.7453124993,171.246875,14071.12099,1746074.682,119.07,15015.571789631194
ENV 062010-11,ENV 06,2010-11,0.38691485821875005,,,0.4097968165,,,
ENV 062011-12,ENV 06,2011-12,0.40659554943750004,,,0.429400487,,,
ENV 062012-13,ENV 06,2012-13,0.41416175496875,,,0.428841731,,,
ENV 062013-14,ENV 06,2013-14,0.42736572112500004,,,0.435814417,,,
ENV 062014-15,ENV 06,2014-15,0.4255312499999999,,,0.4545,,,
ENV 062015-16,ENV 06,2015-16,0.4384770731874999,,,0.4763814395,,,
ENV 062016-17,ENV 06,2016-17,0.4484650163125002,,,0.4850029345,,,
ENV 062017-18,ENV 06,2017-18,0.45915985196875,,,0.478533809,,,
ENV 062018-19,ENV 06,2018-19,0.456375,,,0.5,,,
ENV 062019-20,ENV 06,2019-20,0.4632298394687502,,,0.5036295660000001,,,
ENV 062020-21,ENV 06,2020-21,0.4292955976562501,,,0.4433792315,,,
ENV 062021-22,ENV 06,2021-22,0.4393437500000001,,,0.4535,,,
ENV 07a2010-14,ENV 07a,2010-14,0.8433750000312501,,,0.8638333335,,,
ENV 07a2012-15,ENV 07a,2012-15,0.8490625000312501,,,0.868333333,,,
ENV 07a2013-16,ENV 07a,2013-16,0.8464583333125001,,,0.855,,,
ENV 07a2014-17,ENV 07a,2014-17,0.8344791666874998,,,0.8500000000000001,,,
ENV 07a2015-18,ENV 07a,2015-18,0.81166666665625,,,0.8233333334999999,,,
ENV 07a2016-19,ENV 07a,2016-19,0.7856249999062501,,,0.8041666665,,,
ENV 07a2017-20,ENV 07a,2017-20,0.7661458333125,,,0.796,,,
ENV 07a2018-21,ENV 07a,2018-21,0.7774999999375,,,0.8023333335,,,
ENV 07b2010-14,ENV 07b,2010-14,0.7556041666562501,,,0.762166667,,,
ENV 07b2012-15,ENV 07b,2012-15,0.7557291666562502,,,0.7649999999999999,,,
ENV 07b2013-16,ENV 07b,2013-16,0.74875,,,0.7666666664999999,,,
ENV 07b2014-17,ENV 07b,2014-17,0.733333333375,,,0.745,,,
ENV 07b2015-18,ENV 07b,2015-18,0.7085416666562498,,,0.713333333,,,
ENV 07b2016-19,ENV 07b,2016-19,0.676697916625,,,0.6748333335000001,,,
ENV 07b2017-20,ENV 07b,2017-20,0.6431562500625001,,,0.6458333329999999,,,
ENV 07b2018-21,ENV 07b,2018-21,0.6260729167187499,,,0.6378333334999999,,,
FINSUS 012013-14,FINSUS 01,2013-14,0.30049374999999995,,,0.16160000000000002,,,
FINSUS 012014-15,FINSUS 01,2014-15,0.31991875000000003,,,0.15705,,,
FINSUS 012015-16,FINSUS 01,2015-16,0.33220000000000005,,,0.15810000000000002,,,
FINSUS 012016-17,FINSUS 01,2016-17,0.34216250000000004,,,0.14875,,,
FINSUS 012017-18,FINSUS 01,2017-18,0.336525,,,0.15985,,,
FINSUS 012018-19,FINSUS 01,2018-19,0.37696875,,,0.15295,,,
FINSUS 012019-20,FINSUS 01,2019-20,0.340640625,,,0.14995,,,
FINSUS 012020-21,FINSUS 01,2020-21,0.44132812499999996,,,0.22644999999999998,,,
FINSUS 012021-22,FINSUS 01,2021-22,0.4408000000000001,,,0.2333,,,
FINSUS 022013-14,FINSUS 02,2013-14,0.03694062499999999,,,0.0285,,,
FINSUS 022014-15,FINSUS 02,2014-15,0.039515625000000006,,,0.035,,,
FINSUS 022015-16,FINSUS 02,2015-16,0.040549999999999996,,,0.03485,,,
FINSUS 022016-17,FINSUS 02,2016-17,0.03943125,,,0.03175,,,
FINSUS 022017-18,FINSUS 02,2017-18,0.03665625000000001,,,0.0255,,,
FINSUS 022018-19,FINSUS 02,2018-19,0.035103125000000006,,,0.0251,,,
FINSUS 022019-20,FINSUS 02,2019-20,0.03629375,,,0.02435,,,
FINSUS 022020-21,FINSUS 02,2020-21,0.035199999999999995,,,0.027,,,
FINSUS 022021-22,FINSUS 02,2021-22,0.034825937499999994,,,0.02555,,,
FINSUS 032013-14,FINSUS 03,2013-14,0.08416129032258061,,,0.0836,,,
FINSUS 032014-15,FINSUS 03,2014-15,0.08359354838709675,,,0.0821,,,
FINSUS 032015-16,FINSUS 03,2015-16,0.07820937500000001,,,0.08130000000000001,,,
FINSUS 032016-17,FINSUS 03,2016-17,0.079521875,,,0.08035,,,
FINSUS 032017-18,FINSUS 03,2017-18,0.08025624999999997,,,0.08305,,,
FINSUS 032018-19,FINSUS 03,2018-19,0.07889999999999998,,,0.08125,,,
FINSUS 032019-20,FINSUS 03,2019-20,0.07189687499999999,,,0.07325,,,
FINSUS 032020-21,FINSUS 03,2020-21,0.06244062499999999,,,0.06155,,,
FINSUS 032021-22,FINSUS 03,2021-22,0.05887499999999998,,,0.0635,,,
FINSUS 042013-14,FINSUS 04,2013-14,0.2586708333333333,,,0.219,,,
FINSUS 042014-15,FINSUS 04,2014-15,0.2413,,,0.199,,,
FINSUS 042015-16,FINSUS 04,2015-16,0.24749600000000002,,,0.2242,,,
FINSUS 042016-17,FINSUS 04,2016-17,0.24360769230769228,,,0.199,,,
FINSUS 042017-18,FINSUS 04,2017-18,0.2358961538461539,,,0.19190000000000002,,,
FINSUS 042018-19,FINSUS 04,2018-19,0.2282807692307693,,,0.19615,,,
FINSUS 042019-20,FINSUS 04,2019-20,0.22562692307692303,,,0.2073,,,
FINSUS 042020-21,FINSUS 04,2020-21,0.22907692307692312,,,0.21815,,,
FINSUS 042021-22,FINSUS 04,2021-22,0.22118461538461537,,,0.2086,,,
FINSUS 052013-14,FINSUS 05,2013-14,0.9866781250000002,364524437.5,367926156.25,0.9915,251809000.0,254835000.0,0.9907543437936808
FINSUS 052014-15,FINSUS 05,2014-15,0.9860187499999998,366504467.1875,370197907.5,0.99,252493000.0,257082000.0,0.9900230653991473
FINSUS 052015-16,FINSUS 05,2015-16,0.9850771664062501,373342528.4375,381084593.75,0.98955,253222500.0,257733500.0,0.9796841293521853
FINSUS 052016-17,FINSUS 05,2016-17,0.9914751602187499,369662281.25,372085000.0,0.9937,257004000.0,260948500.0,0.9934888029616888
FINSUS 052017-18,FINSUS 05,2017-18,0.9887968750000002,372677396.875,375454312.5,0.99285,255472500.0,264206000.0,0.9926038520998477
FINSUS 052018-19,FINSUS 05,2018-19,0.9916312500000001,378925110.9375,381255793.125,0.99745,262864000.0,271706000.0,0.9938868281360492
FINSUS 052019-20,FINSUS 05,2019-20,0.9879,394125455.3125,396703075.9375,0.99285,293981500.0,300780500.0,0.9935023931465404
FINSUS 052020-21,FINSUS 05,2020-21,0.9676937500000001,420331000.0,431392843.75,0.98725,318325000.0,330262500.0,0.9743578413266156
FINSUS 052021-22,FINSUS 05,2021-22,0.9752358967187501,440688375.0,448717906.25,0.987442301,332567500.0,347366500.0,0.9821056143778528
HSN 01b2013-14,HSN 01b,2013-14,0.05842307692307694,2564780.2140576923,45950897.45538461,0.05795,2091233.1090000002,42642394.885,0.05581567186033592
HSN 01b2014-15,HSN 01b,2014-15,0.0629653846153846,2776609.178276924,46673698.44765385,0.0616,2268723.4055,44862839.845,0.05948980412150081
HSN 01b2015-16,HSN 01b,2015-16,0.06505000000000001,2991596.908176923,47876453.5081923,0.06515,2426991.0965,46764918.64,0.06248576678021944
HSN 01b2016-17,HSN 01b,2016-17,0.06741923076923076,3098638.703073077,47760481.2029231,0.06534999999999999,2540008.4639999997,46650548.365,0.06487871614835049
HSN 01b2017-18,HSN 01b,2017-18,0.0693697728846154,3213090.0210999995,47619219.172961526,0.069500771,2537978.3605000004,46023192.86,0.06747464735676327
HSN 01b2018-19,HSN 01b,2018-19,0.07408080461538463,3527151.9952346156,48143112.04969231,0.07721224,2593518.8525,45412646.33499999,0.07326389684975004
HSN 01b2019-20,HSN 01b,2019-20,0.07531770815384614,3568348.655569231,48790838.373538464,0.0791166085,2580188.5,45138841.394999996,0.07313562903449743
HSN 01b2020-21,HSN 01b,2020-21,0.08525484157692306,4017324.9300615382,49059685.98823076,0.083944065,2928131.1865,44485998.879999995,0.08188647866652224
HSN 01b2021-22,HSN 01b,2021-22,0.088933198,4229341.288673078,48775699.366692305,0.09076329,3083779.2165,44316738.825,0.0867100081308355
HSN 022013-14,HSN 02,2013-14,0.013676923076923074,508444.03846153844,39497535.15384615,0.012050000000000002,400367.0,36653680.0,0.012872804251736394
HSN 022014-15,HSN 02,2014-15,0.011349999999999999,469183.23076923075,40581021.807692304,0.0097,290443.0,39006548.5,0.011561641621362403
HSN 022015-16,HSN 02,2015-16,0.010357692307692306,441020.07692307694,41885008.07692308,0.0088,257030.0,40912575.0,0.010529306240388692
HSN 022016-17,HSN 02,2016-17,0.01023076923076923,396890.03846153844,42718016.65384615,0.00945,289467.0,41725268.5,0.009290928501611605
HSN 022017-18,HSN 02,2017-18,0.009692935038461538,387168.26923076925,43325153.038461536,0.009078583,233380.5,41873048.5,0.008936339333575207
HSN 022018-19,HSN 02,2018-19,0.010331785500000003,425464.6538461539,44656704.5,0.009665955,316309.0,42123972.5,0.009527453013156263
HSN 022019-20,HSN 02,2019-20,0.011059980230769232,493316.42307692306,46285526.76923077,0.008965595,345638.0,42821052.5,0.010658114047972012
HSN 022020-21,HSN 02,2020-21,0.014675666884615378,659242.9230769231,47803028.73076923,0.011846018,395906.5,43346496.0,0.01379081912967975
HSN 022021-22,HSN 02,2021-22,0.015937201384615386,795664.1923076923,48815514.884615384,0.013693486,470721.0,44352914.5,0.016299412065782646
HSN 032013-14,HSN 03,2013-14,0.8371769230769228,10503.32,12550.2,0.8353999999999999,9240.0,12558.0,0.8369045911618939
HSN 032014-15,HSN 03,2014-15,0.9022076923076926,11012.923076923076,12185.692307692309,0.91035,10014.5,11631.5,0.9037585061926345
HSN 032015-16,HSN 03,2015-16,0.9326115384615385,11261.115384615385,12174.653846153846,0.93465,9938.0,11570.5,0.9249639067293021
HSN 032016-17,HSN 03,2016-17,0.9442307692307692,11330.153846153846,12100.73076923077,0.958,10249.0,11400.0,0.9363198026819741
HSN 032017-18,HSN 03,2017-18,0.9487576418076924,11356.0,12094.884615384615,0.9609980840000001,10404.5,11310.5,0.9389093291187947
HSN 032018-19,HSN 03,2018-19,0.9512481962307693,11444.807692307691,12133.807692307691,0.9640752305,10449.0,11199.5,0.9432165056945153
HSN 032019-20,HSN 03,2019-20,0.952292362192308,11548.153846153846,12173.615384615385,0.954879354,10467.5,11010.5,0.9486215459663712
HSN 032020-21,HSN 03,2020-21,0.890939494653846,11037.307692307691,12229.0,0.9153186275,8553.0,11129.5,0.902551941475811
HSN 032021-22,HSN 03,2021-22,0.6278536817692308,8445.461538461539,12337.461538461539,0.6879060960000001,7058.5,11193.5,0.6845380236552838
HSN 04b2013-14,HSN 04b,2013-14,10.214615384615383,324051.76923076925,31870.884615384617,9.58,269849.0,26968.5,10.167642760513273
HSN 04b2014-15,HSN 04b,2014-15,9.820769230769233,294178.03846153844,29787.73076923077,9.145,240647.0,25800.5,9.875812318184694
HSN 04b2015-16,HSN 04b,2015-16,9.522692307692308,279384.53846153844,29771.384615384617,9.120000000000001,227030.0,26139.5,9.384331366206062
HSN 04b2016-17,HSN 04b,2016-17,9.138076923076921,238561.03846153847,27342.884615384617,8.045,194399.5,24954.5,8.72479410337382
HSN 04b2017-18,HSN 04b,2017-18,8.037834008192307,198375.1923076923,26446.53846153846,7.5683062425,175393.5,23917.5,7.500988932679862
HSN 04b2018-19,HSN 04b,2018-19,8.564035556692307,198223.42307692306,25422.73076923077,7.6189652145,174186.0,21144.5,7.7970940602822125
HSN 04b2019-20,HSN 04b,2019-20,7.9183132395,175590.38461538462,23942.96153846154,7.1678592815,130136.5,20233.5,7.333695304706538
HSN 04b2020-21,HSN 04b,2020-21,9.127889616346154,116981.61538461539,16070.615384615385,7.83480396,79717.5,14384.0,7.279224384686815
HSN 04b2021-22,HSN 04b,2021-22,9.958338844269232,203169.84615384616,22117.23076923077,8.8618122475,137398.5,16937.0,9.186043599838623
HSN 05a2015-16,HSN 05a,2015-16,0.641846153846154,7931.846153846154,12171.923076923076,0.6515500000000001,6226.5,11550.5,0.6516510253736532
HSN 05a2016-17,HSN 05a,2016-17,0.6917076923076922,8574.192307692309,12043.807692307691,0.70235,6034.5,11376.0,0.7119170719712332
HSN 05a2017-18,HSN 05a,2017-18,0.7408230769230767,9109.115384615385,12090.038461538461,0.7343,6587.5,11309.0,0.7534397358282884
HSN 05a2018-19,HSN 05a,2018-19,0.797623076923077,9815.23076923077,12127.461538461539,0.8261000000000001,7745.5,11185.5,0.8093392618152064
HSN 05a2019-20,HSN 05a,2019-20,0.8286994806538461,10222.923076923076,12156.076923076924,0.8459753050000001,7747.0,11004.5,0.8409722266166336
HSN 05a2020-21,HSN 05a,2020-21,0.8500045458846154,10536.653846153846,12201.576923076924,0.8663062815,8108.5,11037.5,0.8635485325036801
HSN 05a2021-22,HSN 05a,2021-22,0.8599159407692307,10784.346153846154,12306.153846153846,0.881114244,8788.5,11193.5,0.876337667208401
SW 012010-11,SW 01,2010-11,25.470778497812496,16754089.640000002,675069.2487499999,26.08199704,14204280.495000001,510957.45999999996,24.818327410147795
SW 012011-12,SW 01,2011-12,24.779512997187492,16515693.2366875,688010.5374999999,23.945815260000003,12975303.86,540924.28,24.00500041278438
SW 012012-13,SW 01,2012-13,25.265484649374997,16979238.154124998,697132.5887499999,24.52593131,13201649.420000002,561921.36,24.355823308403615
SW 012013-14,SW 01,2013-14,24.036899392187504,17229607.99378125,731255.9637499999,23.67372742,13907703.39,612153.6200000001,23.56166492704553
SW 012014-15,SW 01,2014-15,24.053290155937496,17206719.056562502,739091.2425,24.48355624,13733775.254999999,603239.0,23.280913190582826
SW 012015-16,SW 01,2015-16,25.516407213437496,17550993.24609375,724555.3899999999,23.799297445,13866851.71,594931.22,24.223121500888638
SW 012016-17,SW 01,2016-17,26.60771171875,18731968.321875002,740184.26625,25.85010243,14409867.55,584277.2,25.307169006410913
SW 012017-18,SW 01,2017-18,28.033977963124997,19362413.0874375,741019.216096875,27.058239665,15017724.245000001,591838.0,26.129434523201635
SW 012018-19,SW 01,2018-19,27.5125855521875,19636866.8258125,756793.3099999999,26.369103715,14491434.585,660894.0,25.947463549608415
SW 012019-20,SW 01,2019-20,27.47791124,20459359.54109375,764295.078040625,25.825444435,14809434.745000001,624174.4034,26.768927511013313
SW 012020-21,SW 01,2020-21,30.710432110000003,21636593.4295625,763208.315259375,28.945077545,15899770.479999999,616057.0,28.349525282896508
SW 012021-22,SW 01,2021-22,30.153954494687493,22242343.614593748,774716.81756875,29.66344572,17106036.375,599477.385,28.710288856766578
SW 022010-11,SW 02,2010-11,0.014953125000000003,1551.03125,98350.125,0.0115,776.5,74172.5,0.015770506138146748
SW 022011-12,SW 02,2011-12,0.020340625,2881.09375,98102.65625,0.015850000000000003,1080.0,72815.5,0.0293681523021962
SW 022012-13,SW 02,2012-13,0.029150000000000002,5916.875,99390.3125,0.01885,1239.0,73764.5,0.059531707378422824
SW 022013-14,SW 02,2013-14,0.034309374999999996,6409.8125,99567.84375,0.023399999999999997,1700.0,75957.0,0.06437633133940394
SW 022014-15,SW 02,2014-15,0.03926874999999999,6936.0,100514.46875,0.027,1997.0,76039.0,0.06900499088595143
SW 022015-16,SW 02,2015-16,0.043446874999999996,6837.625,102739.40625,0.0351,2436.5,77394.5,0.06655309047982745
SW 022016-17,SW 02,2016-17,0.05072812500000001,6720.875,105712.15625,0.04185,3121.5,77126.0,0.06357712526557228
SW 022017-18,SW 02,2017-18,0.052562500000000026,7270.875,108264.4375,0.04315,3661.5,78309.0,0.06715847944067506
SW 022018-19,SW 02,2018-19,0.055612499999999995,8085.65625,111596.40625,0.04725,3969.0,82088.5,0.07245445011810137
SW 022019-20,SW 02,2019-20,0.0642625,8761.84375,113940.96875,0.05055,4401.5,82860.0,0.07689809772659142
SW 022020-21,SW 02,2020-21,0.06499999999999999,9878.90625,120856.21875,0.049350000000000005,5036.5,90151.0,0.0817409840567265
SW 022021-22,SW 02,2021-22,0.06931875000000001,10280.3125,122774.6875,0.0577,5654.5,93974.0,0.08373315957330374
SW 03a2010-11,SW 03a,2010-11,0.60457805615625,,,0.6093762465,,,
SW 03a2011-12,SW 03a,2011-12,0.6095531357187499,,,0.608213966,,,
SW 03a2012-13,SW 03a,2012-13,0.61629607403125,,,0.631601624,,,
SW 03a2013-14,SW 03a,2013-14,0.6184810870625,,,0.6264394495,,,
SW 03a2014-15,SW 03a,2014-15,0.6162570482812499,,,0.622286823,,,
SW 03a2015-16,SW 03a,2015-16,0.6231581074062499,,,0.6349493214999999,,,
SW 03a2016-17,SW 03a,2016-17,0.6161705403437499,,,0.6145851435,,,
SW 03a2017-18,SW 03a,2017-18,0.6352049216875,,,0.6490183225,,,
SW 03a2018-19,SW 03a,2018-19,0.6197523647500002,,,0.6172498455,,,
SW 03a2019-20,SW 03a,2019-20,0.61584255228125,,,0.61812715,,,
SW 03a2020-21,SW 03a,2020-21,0.6256119059999998,,,0.6207652035,,,
SW 03a2021-22,SW 03a,2021-22,0.6269325676249999,,,0.6229349455,,,
SW 04b2013-14,SW 04b,2013-14,0.8522968125,,,0.8542125,,,
SW 04b2015-16,SW 04b,2015-16,0.84435189825,,,0.844219262,,,
SW 04b2017-18,SW 04b,2017-18,0.8000717837187499,,,0.79425,,,
SW 04b2019-20,SW 04b,2019-20,0.8041363437500003,,,0.803823,,,
SW 04b2021-22,SW 04b,2021-22,0.7831124999999998,,,0.78115,,,
SW 04c2013-14,SW 04c,2013-14,0.8281218749999999,,,0.82935,,,
SW 04c2015-16,SW 04c,2015-16,0.82996875,,,0.8302499999999999,,,
SW 04c2017-18,SW 04c,2017-18,0.81518125,,,0.81725,,,
SW 04c2019-20,SW 04c,2019-20,0.8176969062499999,,,0.8081965,,,
SW 04c2021-22,SW 04c,2021-22,0.7881718749999999,,,0.79115,,,
SW 04d2013-14,SW 04d,2013-14,0.826428125,,,0.8332999999999999,,,
SW 04d2015-16,SW 04d,2015-16,0.7902374999999999,,,0.7914000000000001,,,
SW 04d2017-18,SW 04d,2017-18,0.7544062500000001,,,0.75415,,,
SW 04d2019-20,SW 04d,2019-20,0.760365875,,,0.753997,,,
SW 04d2021-22,SW 04d,2021-22,0.70641875,,,0.7155,,,
SW 04e2013-14,SW 04e,2013-14,0.43128125,,,0.43115000000000003,,,
SW 04e2015-16,SW 04e,2015-16,0.41195312500000003,,,0.40115,,,
SW 04e2017-18,SW 04e,2017-18,0.37662187499999983,,,0.37529999999999997,,,
SW 04e2019-20,SW 04e,2019-20,0.35050768749999994,,,0.34840000000000004,,,
SW 04e2021-22,SW 04e,2021-22,0.30755625000000003,,,0.2986,,,
SW 052010-11,SW 05,2010-11,600.13929811875,511701.80934855685,970.3125,524.256661,388196.10932692245,760.0,527.3577423237945
SW 052011-12,SW 05,2011-12,613.02492305625,513127.07159254735,960.9375,530.4529691,397933.5229807686,740.0,533.9858956410249
SW 052012-13,SW 05,2012-13,595.6060432437499,484138.8514038454,945.3125,532.61392005,352856.7172115379,725.0,512.1468841296877
SW 052013-14,SW 05,2013-14,570.4572730375002,478018.99492968677,963.4375,486.58373804999997,369822.6562499994,765.0,496.1598390447608
SW 052014-15,SW 05,2014-15,574.0797492187501,483665.41007752327,954.6875,508.8916465,362292.87374999945,715.0,506.62170613684924
SW 052015-16,SW 05,2015-16,584.4877564781251,495701.0190294465,963.4375,522.0023444000001,383041.00961538404,725.0,514.512896819406
SW 052016-17,SW 05,2016-17,598.8595628999999,503449.56103124935,958.75,520.4537085,390701.4723076917,740.0,525.1103635267268
SW 052017-18,SW 05,2017-18,591.9046330312499,505050.55531189824,951.875,530.3860008,387553.42403846094,735.0,530.5849563355464
SW 052018-19,SW 05,2018-19,602.8782662,520107.32620913384,963.375,548.7085009,391132.5651923071,775.0,539.8804476025782
SW 052019-20,SW 05,2019-20,616.355641571875,534982.8835600953,941.40625,542.9985434499999,401728.0860576917,778.75,568.2805734082341
SW 052020-21,SW 05,2020-21,715.9814919968752,580067.019033052,886.484375,644.8577256000001,380521.9092307687,705.0,654.3454519805293
SW 052021-22,SW 05,2021-22,863.0353289593751,671239.9526123788,873.359375,770.55423375,519450.9730769223,711.25,768.5724477536853
SW 062010-11,SW 06,2010-11,87.2199537821875,2812.875,31.365250000000003,87.6142165,2227.5,22.566000000000003,89.6812555296068
SW 062011-12,SW 06,2011-12,91.46047974656251,2962.125,32.01084375000001,91.379442805,2279.0,23.02,92.53504915814659
SW 062012-13,SW 06,2012-13,92.25613346187501,3026.28125,32.37737500000001,91.25704107,2371.0,23.1535,93.46901192576604
SW 062013-14,SW 06,2013-14,92.93688419531253,3136.1875,32.916125,94.415720845,2482.5,24.016000000000002,95.27815014677456
SW 062014-15,SW 06,2014-15,96.216500434375,3248.40625,33.436375000000005,99.844177805,2555.0,24.809,97.1518667917799
SW 062015-16,SW 06,2015-16,96.44425275093751,3312.0,33.767625,98.71749482,2603.0,24.826,98.08211267449221
SW 062016-17,SW 06,2016-17,99.00561580187498,3376.0625,33.441593749999996,100.70652344999999,2652.5,23.475500000000004,100.95399535197095
SW 062017-18,SW 06,2017-18,101.202960803125,3360.59375,32.71150000000001,103.48944195,2504.0,22.732,102.7343212631643
SW 062018-19,SW 06,2018-19,101.36353873718751,3419.03125,33.206625,103.34463415,2498.0,22.987000000000002,102.96232303041937
SW 062019-20,SW 06,2019-20,102.3287284740625,3550.3125,33.944593749999996,107.2874528,2575.0,23.5955,104.59139756238798
SW 062020-21,SW 06,2020-21,118.80902687499999,2866.65625,23.88315625,118.32065,2443.0,17.256500000000003,120.02836727243704
SW 062021-22,SW 06,2021-22,108.31232583781251,3074.6875,28.05353125,110.7273027,2523.0,20.569499999999998,109.60072985464174
SW 072011-12,SW 07,2011-12,0.806034555875,,,0.809368192,,,
SW 072012-13,SW 07,2012-13,0.7977882818437503,,,0.8007633590000001,,,
SW 072013-14,SW 07,2013-14,0.7936127988124999,,,0.794989224,,,
SW 072014-15,SW 07,2014-15,0.8108914796250002,,,0.8106108725000001,,,
SW 072015-16,SW 07,2015-16,0.82018122046875,,,0.8144276355,,,
SW 072016-17,SW 07,2016-17,0.8321026360937501,,,0.843072464,,,
SW 072017-18,SW 07,2017-18,0.8677171758125,,,0.8709802099999999,,,
SW 072018-19,SW 07,2018-19,0.8430799373749999,,,0.848259804,,,
SW 072019-20,SW 07,2019-20,0.84473285003125,,,0.8457952695,,,
SW 072020-21,SW 07,2020-21,0.8539062499999998,,,0.851,,,
SW 072021-22,SW 07,2021-22,0.7966652977812502,,,0.7888046385,,,
