Code,LocalAuthority,LGBF Year,Month,LA_IndicatorReal,LA_Numerator_real,LA_Den_Real,Scotland_Indicator_Real,Scotland_Num_Real,Scotland_Den_Real
CORP09,Aberdeen City,2018-19,Q1,0.98,2985,3035,0.95,43220,45335
CORP09,Aberdeen City,2018-19,Q2,0.99,2765,2800,0.95,42485,44675
CORP09,Aberdeen City,2018-19,Q3,0.98,2590,2645,0.96,43850,45545
CORP09,Aberdeen City,2018-19,Q4,0.98,3405,3460,0.96,55370,57450
CORP09,Aberdeen City,2019-20,Q1,0.98,3190,3245,0.95,48665,51170
CORP09,Aberdeen City,2019-20,Q2,0.99,2990,3035,0.96,49270,51405
CORP09,Aberdeen City,2019-20,Q3,0.98,2975,3035,0.96,49190,51455
CORP09,Aberdeen City,2019-20,Q4,0.95,3975,4175,0.94,60110,63875
CORP09,Aberdeen City,2020-21,Q1,0.96,4605,4775,0.92,71020,77345
CORP09,Aberdeen City,2020-21,Q2,0.96,3585,3720,0.95,55980,58720
CORP09,Aberdeen City,2020-21,Q3,0.95,3825,4025,0.95,60755,63875
CORP09,Aberdeen City,2020-21,Q4,0.89,3885,4380,0.93,67485,72935
CORP09,Aberdeen City,2021-22,Q1,0.93,3010,3245,0.95,57975,61285
CORP09,Aberdeen City,2021-22,Q2,0.93,2870,3085,0.94,53760,57375
CORP09,Aberdeen City,2021-22,Q3,0.92,3280,3550,0.94,61755,65860
CORP09,Aberdeen City,2021-22,Q4,0.69,2885,4155,0.9,70960,79140
CORP09,Aberdeen City,2022-23,Q1,0.54,2010,3735,0.88,65525,74460
CORP09,Aberdeen City,2022-23,Q2,0.9,3405,3795,0.93,62365,67390
CORP09,Aberdeen City,2022-23,Q3,0.96,3665,3810,0.95,60550,64000
CORP09,Aberdeen City,2022-23,Q4,0.98,5015,5095,0.91,70455,77310
CORP09,Aberdeenshire,2018-19,Q1,0.98,1110,1130,0.95,43220,45335
CORP09,Aberdeenshire,2018-19,Q2,0.98,975,995,0.95,42485,44675
CORP09,Aberdeenshire,2018-19,Q3,0.95,1185,1245,0.96,43850,45545
CORP09,Aberdeenshire,2018-19,Q4,0.97,1435,1475,0.96,55370,57450
CORP09,Aberdeenshire,2019-20,Q1,0.98,1310,1335,0.95,48665,51170
CORP09,Aberdeenshire,2019-20,Q2,0.97,1240,1280,0.96,49270,51405
CORP09,Aberdeenshire,2019-20,Q3,0.97,1330,1375,0.96,49190,51455
CORP09,Aberdeenshire,2019-20,Q4,0.96,1685,1760,0.94,60110,63875
CORP09,Aberdeenshire,2020-21,Q1,0.97,1515,1560,0.92,71020,77345
CORP09,Aberdeenshire,2020-21,Q2,0.97,1250,1290,0.95,55980,58720
CORP09,Aberdeenshire,2020-21,Q3,0.98,1445,1480,0.95,60755,63875
CORP09,Aberdeenshire,2020-21,Q4,0.96,1670,1730,0.93,67485,72935
CORP09,Aberdeenshire,2021-22,Q1,0.98,1455,1485,0.95,57975,61285
CORP09,Aberdeenshire,2021-22,Q2,0.98,1590,1620,0.94,53760,57375
CORP09,Aberdeenshire,2021-22,Q3,0.98,2025,2060,0.94,61755,65860
CORP09,Aberdeenshire,2021-22,Q4,0.97,2135,2210,0.9,70960,79140
CORP09,Aberdeenshire,2022-23,Q1,0.99,2125,2145,0.88,65525,74460
CORP09,Aberdeenshire,2022-23,Q2,0.98,2035,2080,0.93,62365,67390
CORP09,Aberdeenshire,2022-23,Q3,0.98,2020,2055,0.95,60550,64000
CORP09,Aberdeenshire,2022-23,Q4,0.97,2370,2435,0.91,70455,77310
CORP09,Angus,2018-19,Q1,0.98,595,605,0.95,43220,45335
CORP09,Angus,2018-19,Q2,0.99,745,750,0.95,42485,44675
CORP09,Angus,2018-19,Q3,0.98,900,920,0.96,43850,45545
CORP09,Angus,2018-19,Q4,1,1020,1020,0.96,55370,57450
CORP09,Angus,2019-20,Q1,0.98,850,865,0.95,48665,51170
CORP09,Angus,2019-20,Q2,0.99,815,825,0.96,49270,51405
CORP09,Angus,2019-20,Q3,0.98,865,875,0.96,49190,51455
CORP09,Angus,2019-20,Q4,0.98,1045,1065,0.94,60110,63875
CORP09,Angus,2020-21,Q1,0.99,910,920,0.92,71020,77345
CORP09,Angus,2020-21,Q2,0.99,685,690,0.95,55980,58720
CORP09,Angus,2020-21,Q3,0.99,880,885,0.95,60755,63875
CORP09,Angus,2020-21,Q4,0.99,990,1000,0.93,67485,72935
CORP09,Angus,2021-22,Q1,0.99,790,805,0.95,57975,61285
CORP09,Angus,2021-22,Q2,0.99,875,880,0.94,53760,57375
CORP09,Angus,2021-22,Q3,0.99,1020,1030,0.94,61755,65860
CORP09,Angus,2021-22,Q4,0.95,980,1040,0.9,70960,79140
CORP09,Angus,2022-23,Q1,0.96,950,990,0.88,65525,74460
CORP09,Angus,2022-23,Q2,0.99,1080,1085,0.93,62365,67390
CORP09,Angus,2022-23,Q3,0.99,1025,1030,0.95,60550,64000
CORP09,Angus,2022-23,Q4,0.97,1155,1185,0.91,70455,77310
CORP09,Argyll & Bute,2018-19,Q1,1,360,360,0.95,43220,45335
CORP09,Argyll & Bute,2018-19,Q2,1,330,330,0.95,42485,44675
CORP09,Argyll & Bute,2018-19,Q3,1,295,290,0.96,43850,45545
CORP09,Argyll & Bute,2018-19,Q4,1,360,365,0.96,55370,57450
CORP09,Argyll & Bute,2019-20,Q1,1,265,265,0.95,48665,51170
CORP09,Argyll & Bute,2019-20,Q2,1,320,320,0.96,49270,51405
CORP09,Argyll & Bute,2019-20,Q3,1,350,350,0.96,49190,51455
CORP09,Argyll & Bute,2019-20,Q4,1,520,525,0.94,60110,63875
CORP09,Argyll & Bute,2020-21,Q1,1,410,415,0.92,71020,77345
CORP09,Argyll & Bute,2020-21,Q2,1,325,325,0.95,55980,58720
CORP09,Argyll & Bute,2020-21,Q3,1,380,380,0.95,60755,63875
CORP09,Argyll & Bute,2020-21,Q4,1,405,405,0.93,67485,72935
CORP09,Argyll & Bute,2021-22,Q1,1,275,275,0.95,57975,61285
CORP09,Argyll & Bute,2021-22,Q2,1,355,360,0.94,53760,57375
CORP09,Argyll & Bute,2021-22,Q3,1,395,395,0.94,61755,65860
CORP09,Argyll & Bute,2021-22,Q4,1,475,470,0.9,70960,79140
CORP09,Argyll & Bute,2022-23,Q1,1,375,375,0.88,65525,74460
CORP09,Argyll & Bute,2022-23,Q2,1,340,345,0.93,62365,67390
CORP09,Argyll & Bute,2022-23,Q3,1,410,410,0.95,60550,64000
CORP09,Argyll & Bute,2022-23,Q4,1,465,470,0.91,70455,77310
CORP09,Clackmannanshire,2018-19,Q1,0.85,395,470,0.95,43220,45335
CORP09,Clackmannanshire,2018-19,Q2,0.9,505,560,0.95,42485,44675
CORP09,Clackmannanshire,2018-19,Q3,0.83,435,525,0.96,43850,45545
CORP09,Clackmannanshire,2018-19,Q4,0.89,595,670,0.96,55370,57450
CORP09,Clackmannanshire,2019-20,Q1,0.95,650,680,0.95,48665,51170
CORP09,Clackmannanshire,2019-20,Q2,0.94,650,695,0.96,49270,51405
CORP09,Clackmannanshire,2019-20,Q3,0.98,855,870,0.96,49190,51455
CORP09,Clackmannanshire,2019-20,Q4,0.98,1010,1030,0.94,60110,63875
CORP09,Clackmannanshire,2020-21,Q1,0.99,1015,1020,0.92,71020,77345
CORP09,Clackmannanshire,2020-21,Q2,0.96,865,895,0.95,55980,58720
CORP09,Clackmannanshire,2020-21,Q3,0.98,850,865,0.95,60755,63875
CORP09,Clackmannanshire,2020-21,Q4,0.97,650,675,0.93,67485,72935
CORP09,Clackmannanshire,2021-22,Q1,0.93,565,610,0.95,57975,61285
CORP09,Clackmannanshire,2021-22,Q2,0.97,620,640,0.94,53760,57375
CORP09,Clackmannanshire,2021-22,Q3,0.98,625,640,0.94,61755,65860
CORP09,Clackmannanshire,2021-22,Q4,0.99,660,665,0.9,70960,79140
CORP09,Clackmannanshire,2022-23,Q1,0.98,615,630,0.88,65525,74460
CORP09,Clackmannanshire,2022-23,Q2,0.99,565,565,0.93,62365,67390
CORP09,Clackmannanshire,2022-23,Q3,1,690,690,0.95,60550,64000
CORP09,Clackmannanshire,2022-23,Q4,1,830,835,0.91,70455,77310
CORP09,Dumfries & Galloway,2018-19,Q1,0.96,1215,1260,0.95,43220,45335
CORP09,Dumfries & Galloway,2018-19,Q2,0.89,1155,1290,0.95,42485,44675
CORP09,Dumfries & Galloway,2018-19,Q3,0.91,1165,1280,0.96,43850,45545
CORP09,Dumfries & Galloway,2018-19,Q4,0.94,1915,2045,0.96,55370,57450
CORP09,Dumfries & Galloway,2019-20,Q1,0.86,1510,1760,0.95,48665,51170
CORP09,Dumfries & Galloway,2019-20,Q2,0.87,1415,1620,0.96,49270,51405
CORP09,Dumfries & Galloway,2019-20,Q3,0.89,1310,1470,0.96,49190,51455
CORP09,Dumfries & Galloway,2019-20,Q4,0.83,1675,2015,0.94,60110,63875
CORP09,Dumfries & Galloway,2020-21,Q1,0.92,2150,2335,0.92,71020,77345
CORP09,Dumfries & Galloway,2020-21,Q2,0.91,1710,1880,0.95,55980,58720
CORP09,Dumfries & Galloway,2020-21,Q3,0.93,1885,2015,0.95,60755,63875
CORP09,Dumfries & Galloway,2020-21,Q4,0.92,1800,1960,0.93,67485,72935
CORP09,Dumfries & Galloway,2021-22,Q1,0.93,1415,1530,0.95,57975,61285
CORP09,Dumfries & Galloway,2021-22,Q2,0.83,1370,1655,0.94,53760,57375
CORP09,Dumfries & Galloway,2021-22,Q3,0.85,1545,1830,0.94,61755,65860
CORP09,Dumfries & Galloway,2021-22,Q4,0.88,1805,2045,0.9,70960,79140
CORP09,Dumfries & Galloway,2022-23,Q1,0.86,1710,1980,0.88,65525,74460
CORP09,Dumfries & Galloway,2022-23,Q2,0.88,1790,2030,0.93,62365,67390
CORP09,Dumfries & Galloway,2022-23,Q3,0.79,1560,1970,0.95,60550,64000
CORP09,Dumfries & Galloway,2022-23,Q4,0.74,1570,2115,0.91,70455,77310
CORP09,Dundee City,2018-19,Q1,0.96,1245,1300,0.95,43220,45335
CORP09,Dundee City,2018-19,Q2,0.95,1355,1420,0.95,42485,44675
CORP09,Dundee City,2018-19,Q3,0.96,1390,1450,0.96,43850,45545
CORP09,Dundee City,2018-19,Q4,0.95,1570,1650,0.96,55370,57450
CORP09,Dundee City,2019-20,Q1,0.97,1385,1430,0.95,48665,51170
CORP09,Dundee City,2019-20,Q2,0.97,1250,1285,0.96,49270,51405
CORP09,Dundee City,2019-20,Q3,0.98,1330,1360,0.96,49190,51455
CORP09,Dundee City,2019-20,Q4,0.97,1765,1820,0.94,60110,63875
CORP09,Dundee City,2020-21,Q1,0.96,2280,2385,0.92,71020,77345
CORP09,Dundee City,2020-21,Q2,0.96,1800,1885,0.95,55980,58720
CORP09,Dundee City,2020-21,Q3,0.97,1980,2030,0.95,60755,63875
CORP09,Dundee City,2020-21,Q4,0.96,2235,2340,0.93,67485,72935
CORP09,Dundee City,2021-22,Q1,0.96,1860,1925,0.95,57975,61285
CORP09,Dundee City,2021-22,Q2,0.98,2210,2265,0.94,53760,57375
CORP09,Dundee City,2021-22,Q3,0.95,2510,2640,0.94,61755,65860
CORP09,Dundee City,2021-22,Q4,0.88,2500,2840,0.9,70960,79140
CORP09,Dundee City,2022-23,Q1,0.85,2180,2550,0.88,65525,74460
CORP09,Dundee City,2022-23,Q2,0.9,1990,2215,0.93,62365,67390
CORP09,Dundee City,2022-23,Q3,0.91,1925,2110,0.95,60550,64000
CORP09,Dundee City,2022-23,Q4,0.89,2290,2575,0.91,70455,77310
CORP09,East Ayrshire,2018-19,Q1,0.98,1425,1455,0.95,43220,45335
CORP09,East Ayrshire,2018-19,Q2,0.98,1505,1540,0.95,42485,44675
CORP09,East Ayrshire,2018-19,Q3,1,1400,1400,0.96,43850,45545
CORP09,East Ayrshire,2018-19,Q4,0.99,1625,1635,0.96,55370,57450
CORP09,East Ayrshire,2019-20,Q1,0.99,1405,1415,0.95,48665,51170
CORP09,East Ayrshire,2019-20,Q2,1,1535,1540,0.96,49270,51405
CORP09,East Ayrshire,2019-20,Q3,0.99,1320,1330,0.96,49190,51455
CORP09,East Ayrshire,2019-20,Q4,1,1530,1540,0.94,60110,63875
CORP09,East Ayrshire,2020-21,Q1,1,1760,1765,0.92,71020,77345
CORP09,East Ayrshire,2020-21,Q2,0.99,1165,1170,0.95,55980,58720
CORP09,East Ayrshire,2020-21,Q3,0.99,1450,1455,0.95,60755,63875
CORP09,East Ayrshire,2020-21,Q4,1,1515,1520,0.93,67485,72935
CORP09,East Ayrshire,2021-22,Q1,0.99,1240,1255,0.95,57975,61285
CORP09,East Ayrshire,2021-22,Q2,1,1420,1425,0.94,53760,57375
CORP09,East Ayrshire,2021-22,Q3,1,1530,1535,0.94,61755,65860
CORP09,East Ayrshire,2021-22,Q4,0.98,1905,1935,0.9,70960,79140
CORP09,East Ayrshire,2022-23,Q1,0.99,1760,1765,0.88,65525,74460
CORP09,East Ayrshire,2022-23,Q2,0.99,1600,1605,0.93,62365,67390
CORP09,East Ayrshire,2022-23,Q3,1,1500,1500,0.95,60550,64000
CORP09,East Ayrshire,2022-23,Q4,1,1855,1855,0.91,70455,77310
CORP09,East Dunbartonshire,2018-19,Q1,0.99,430,435,0.95,43220,45335
CORP09,East Dunbartonshire,2018-19,Q2,0.98,445,455,0.95,42485,44675
CORP09,East Dunbartonshire,2018-19,Q3,1,465,465,0.96,43850,45545
CORP09,East Dunbartonshire,2018-19,Q4,0.99,490,495,0.96,55370,57450
CORP09,East Dunbartonshire,2019-20,Q1,1,415,415,0.95,48665,51170
CORP09,East Dunbartonshire,2019-20,Q2,0.99,510,515,0.96,49270,51405
CORP09,East Dunbartonshire,2019-20,Q3,1,460,460,0.96,49190,51455
CORP09,East Dunbartonshire,2019-20,Q4,0.99,660,670,0.94,60110,63875
CORP09,East Dunbartonshire,2020-21,Q1,0.99,770,780,0.92,71020,77345
CORP09,East Dunbartonshire,2020-21,Q2,0.98,690,700,0.95,55980,58720
CORP09,East Dunbartonshire,2020-21,Q3,0.99,885,895,0.95,60755,63875
CORP09,East Dunbartonshire,2020-21,Q4,0.99,800,815,0.93,67485,72935
CORP09,East Dunbartonshire,2021-22,Q1,0.99,585,590,0.95,57975,61285
CORP09,East Dunbartonshire,2021-22,Q2,0.97,615,630,0.94,53760,57375
CORP09,East Dunbartonshire,2021-22,Q3,0.96,630,650,0.94,61755,65860
CORP09,East Dunbartonshire,2021-22,Q4,0.99,765,775,0.9,70960,79140
CORP09,East Dunbartonshire,2022-23,Q1,0.99,745,750,0.88,65525,74460
CORP09,East Dunbartonshire,2022-23,Q2,0.99,735,745,0.93,62365,67390
CORP09,East Dunbartonshire,2022-23,Q3,0.99,720,735,0.95,60550,64000
CORP09,East Dunbartonshire,2022-23,Q4,0.99,895,900,0.91,70455,77310
CORP09,East Lothian,2018-19,Q1,0.94,810,860,0.95,43220,45335
CORP09,East Lothian,2018-19,Q2,0.95,770,805,0.95,42485,44675
CORP09,East Lothian,2018-19,Q3,0.94,795,840,0.96,43850,45545
CORP09,East Lothian,2018-19,Q4,0.96,935,975,0.96,55370,57450
CORP09,East Lothian,2019-20,Q1,0.92,870,945,0.95,48665,51170
CORP09,East Lothian,2019-20,Q2,0.93,890,960,0.96,49270,51405
CORP09,East Lothian,2019-20,Q3,0.93,845,910,0.96,49190,51455
CORP09,East Lothian,2019-20,Q4,0.91,1035,1130,0.94,60110,63875
CORP09,East Lothian,2020-21,Q1,0.94,995,1055,0.92,71020,77345
CORP09,East Lothian,2020-21,Q2,0.94,765,810,0.95,55980,58720
CORP09,East Lothian,2020-21,Q3,0.94,835,885,0.95,60755,63875
CORP09,East Lothian,2020-21,Q4,0.92,1120,1210,0.93,67485,72935
CORP09,East Lothian,2021-22,Q1,0.93,895,965,0.95,57975,61285
CORP09,East Lothian,2021-22,Q2,0.92,835,915,0.94,53760,57375
CORP09,East Lothian,2021-22,Q3,0.91,790,870,0.94,61755,65860
CORP09,East Lothian,2021-22,Q4,0.93,1540,1655,0.9,70960,79140
CORP09,East Lothian,2022-23,Q1,0.91,1225,1350,0.88,65525,74460
CORP09,East Lothian,2022-23,Q2,0.9,1255,1390,0.93,62365,67390
CORP09,East Lothian,2022-23,Q3,0.91,1540,1695,0.95,60550,64000
CORP09,East Lothian,2022-23,Q4,0.9,1790,1980,0.91,70455,77310
CORP09,East Renfrewshire,2018-19,Q1,0.96,145,150,0.95,43220,45335
CORP09,East Renfrewshire,2018-19,Q2,0.88,150,170,0.95,42485,44675
CORP09,East Renfrewshire,2018-19,Q3,0.96,130,140,0.96,43850,45545
CORP09,East Renfrewshire,2018-19,Q4,0.92,170,185,0.96,55370,57450
CORP09,East Renfrewshire,2019-20,Q1,0.96,130,135,0.95,48665,51170
CORP09,East Renfrewshire,2019-20,Q2,0.95,155,160,0.96,49270,51405
CORP09,East Renfrewshire,2019-20,Q3,0.99,160,165,0.96,49190,51455
CORP09,East Renfrewshire,2019-20,Q4,0.97,180,185,0.94,60110,63875
CORP09,East Renfrewshire,2020-21,Q1,0.99,180,185,0.92,71020,77345
CORP09,East Renfrewshire,2020-21,Q2,1,150,155,0.95,55980,58720
CORP09,East Renfrewshire,2020-21,Q3,0.99,175,175,0.95,60755,63875
CORP09,East Renfrewshire,2020-21,Q4,1,200,200,0.93,67485,72935
CORP09,East Renfrewshire,2021-22,Q1,0.97,175,180,0.95,57975,61285
CORP09,East Renfrewshire,2021-22,Q2,0.97,205,210,0.94,53760,57375
CORP09,East Renfrewshire,2021-22,Q3,0.99,225,230,0.94,61755,65860
CORP09,East Renfrewshire,2021-22,Q4,0.98,290,295,0.9,70960,79140
CORP09,East Renfrewshire,2022-23,Q1,0.98,305,310,0.88,65525,74460
CORP09,East Renfrewshire,2022-23,Q2,1,305,305,0.93,62365,67390
CORP09,East Renfrewshire,2022-23,Q3,0.99,290,295,0.95,60550,64000
CORP09,East Renfrewshire,2022-23,Q4,1,395,400,0.91,70455,77310
CORP09,Edinburgh City,2018-19,Q1,0.96,2980,3105,0.95,43220,45335
CORP09,Edinburgh City,2018-19,Q2,0.95,2540,2660,0.95,42485,44675
CORP09,Edinburgh City,2018-19,Q3,0.96,2620,2730,0.96,43850,45545
CORP09,Edinburgh City,2018-19,Q4,0.96,3045,3185,0.96,55370,57450
CORP09,Edinburgh City,2019-20,Q1,0.98,3175,3240,0.95,48665,51170
CORP09,Edinburgh City,2019-20,Q2,0.99,3410,3450,0.96,49270,51405
CORP09,Edinburgh City,2019-20,Q3,0.98,3385,3440,0.96,49190,51455
CORP09,Edinburgh City,2019-20,Q4,0.98,4140,4235,0.94,60110,63875
CORP09,Edinburgh City,2020-21,Q1,0.88,10205,11540,0.92,71020,77345
CORP09,Edinburgh City,2020-21,Q2,0.99,6140,6190,0.95,55980,58720
CORP09,Edinburgh City,2020-21,Q3,0.99,6470,6545,0.95,60755,63875
CORP09,Edinburgh City,2020-21,Q4,0.99,9605,9665,0.93,67485,72935
CORP09,Edinburgh City,2021-22,Q1,0.99,7220,7290,0.95,57975,61285
CORP09,Edinburgh City,2021-22,Q2,0.99,6985,7060,0.94,53760,57375
CORP09,Edinburgh City,2021-22,Q3,0.99,7440,7505,0.94,61755,65860
CORP09,Edinburgh City,2021-22,Q4,0.99,8990,9065,0.9,70960,79140
CORP09,Edinburgh City,2022-23,Q1,0.99,7975,8040,0.88,65525,74460
CORP09,Edinburgh City,2022-23,Q2,0.99,7465,7545,0.93,62365,67390
CORP09,Edinburgh City,2022-23,Q3,0.99,7120,7185,0.95,60550,64000
CORP09,Edinburgh City,2022-23,Q4,0.99,8685,8740,0.91,70455,77310
CORP09,Eilean Siar,2018-19,Q1,1,50,50,0.95,43220,45335
CORP09,Eilean Siar,2018-19,Q2,1,40,40,0.95,42485,44675
CORP09,Eilean Siar,2018-19,Q3,1,45,45,0.96,43850,45545
CORP09,Eilean Siar,2018-19,Q4,1,55,55,0.96,55370,57450
CORP09,Eilean Siar,2019-20,Q1,0.91,30,35,0.95,48665,51170
CORP09,Eilean Siar,2019-20,Q2,0.98,45,45,0.96,49270,51405
CORP09,Eilean Siar,2019-20,Q3,0.98,60,60,0.96,49190,51455
CORP09,Eilean Siar,2019-20,Q4,1,65,65,0.94,60110,63875
CORP09,Eilean Siar,2020-21,Q1,1,65,70,0.92,71020,77345
CORP09,Eilean Siar,2020-21,Q2,0.98,65,65,0.95,55980,58720
CORP09,Eilean Siar,2020-21,Q3,0.98,60,65,0.95,60755,63875
CORP09,Eilean Siar,2020-21,Q4,0.99,80,85,0.93,67485,72935
CORP09,Eilean Siar,2021-22,Q1,1,75,80,0.95,57975,61285
CORP09,Eilean Siar,2021-22,Q2,0.97,60,60,0.94,53760,57375
CORP09,Eilean Siar,2021-22,Q3,1,70,70,0.94,61755,65860
CORP09,Eilean Siar,2021-22,Q4,1,80,80,0.9,70960,79140
CORP09,Eilean Siar,2022-23,Q1,1,65,65,0.88,65525,74460
CORP09,Eilean Siar,2022-23,Q2,0.99,70,70,0.93,62365,67390
CORP09,Eilean Siar,2022-23,Q3,0.98,60,60,0.95,60550,64000
CORP09,Eilean Siar,2022-23,Q4,1,95,95,0.91,70455,77310
CORP09,Falkirk,2018-19,Q1,1,1310,1315,0.95,43220,45335
CORP09,Falkirk,2018-19,Q2,1,1395,1405,0.95,42485,44675
CORP09,Falkirk,2018-19,Q3,1,1340,1345,0.96,43850,45545
CORP09,Falkirk,2018-19,Q4,0.99,1715,1725,0.96,55370,57450
CORP09,Falkirk,2019-20,Q1,1,1230,1230,0.95,48665,51170
CORP09,Falkirk,2019-20,Q2,0.99,1300,1305,0.96,49270,51405
CORP09,Falkirk,2019-20,Q3,1,1265,1270,0.96,49190,51455
CORP09,Falkirk,2019-20,Q4,0.98,1495,1515,0.94,60110,63875
CORP09,Falkirk,2020-21,Q1,0.98,1475,1500,0.92,71020,77345
CORP09,Falkirk,2020-21,Q2,0.98,965,980,0.95,55980,58720
CORP09,Falkirk,2020-21,Q3,0.99,1140,1150,0.95,60755,63875
CORP09,Falkirk,2020-21,Q4,1,1360,1370,0.93,67485,72935
CORP09,Falkirk,2021-22,Q1,0.99,975,985,0.95,57975,61285
CORP09,Falkirk,2021-22,Q2,1,1015,1020,0.94,53760,57375
CORP09,Falkirk,2021-22,Q3,0.83,1005,1210,0.94,61755,65860
CORP09,Falkirk,2021-22,Q4,0.59,840,1430,0.9,70960,79140
CORP09,Falkirk,2022-23,Q1,0.66,795,1205,0.88,65525,74460
CORP09,Falkirk,2022-23,Q2,0.74,755,1020,0.93,62365,67390
CORP09,Falkirk,2022-23,Q3,0.71,750,1050,0.95,60550,64000
CORP09,Falkirk,2022-23,Q4,0.66,955,1445,0.91,70455,77310
CORP09,Fife,2018-19,Q1,0.99,4045,4105,0.95,43220,45335
CORP09,Fife,2018-19,Q2,0.99,4210,4270,0.95,42485,44675
CORP09,Fife,2018-19,Q3,0.99,4560,4610,0.96,43850,45545
CORP09,Fife,2018-19,Q4,0.99,5830,5865,0.96,55370,57450
CORP09,Fife,2019-20,Q1,1,5765,5785,0.95,48665,51170
CORP09,Fife,2019-20,Q2,1,6150,6180,0.96,49270,51405
CORP09,Fife,2019-20,Q3,1,6610,6640,0.96,49190,51455
CORP09,Fife,2019-20,Q4,0.99,7990,8045,0.94,60110,63875
CORP09,Fife,2020-21,Q1,0.99,8690,8750,0.92,71020,77345
CORP09,Fife,2020-21,Q2,0.99,7195,7240,0.95,55980,58720
CORP09,Fife,2020-21,Q3,0.99,6960,7000,0.95,60755,63875
CORP09,Fife,2020-21,Q4,0.99,7480,7555,0.93,67485,72935
CORP09,Fife,2021-22,Q1,0.99,7100,7160,0.95,57975,61285
CORP09,Fife,2021-22,Q2,0.99,6265,6310,0.94,53760,57375
CORP09,Fife,2021-22,Q3,0.99,6795,6850,0.94,61755,65860
CORP09,Fife,2021-22,Q4,0.99,7855,7920,0.9,70960,79140
CORP09,Fife,2022-23,Q1,0.99,7395,7470,0.88,65525,74460
CORP09,Fife,2022-23,Q2,0.99,7210,7270,0.93,62365,67390
CORP09,Fife,2022-23,Q3,0.99,7230,7310,0.95,60550,64000
CORP09,Fife,2022-23,Q4,0.99,8495,8590,0.91,70455,77310
CORP09,Glasgow City,2018-19,Q1,0.87,5960,6855,0.95,43220,45335
CORP09,Glasgow City,2018-19,Q2,0.88,5835,6635,0.95,42485,44675
CORP09,Glasgow City,2018-19,Q3,0.93,6075,6510,0.96,43850,45545
CORP09,Glasgow City,2018-19,Q4,0.92,8410,9160,0.96,55370,57450
CORP09,Glasgow City,2019-20,Q1,0.84,6745,7995,0.95,48665,51170
CORP09,Glasgow City,2019-20,Q2,0.87,7305,8355,0.96,49270,51405
CORP09,Glasgow City,2019-20,Q3,0.85,7305,8580,0.96,49190,51455
CORP09,Glasgow City,2019-20,Q4,0.8,8600,10695,0.94,60110,63875
CORP09,Glasgow City,2020-21,Q1,0.77,10300,13400,0.92,71020,77345
CORP09,Glasgow City,2020-21,Q2,0.85,8110,9555,0.95,55980,58720
CORP09,Glasgow City,2020-21,Q3,0.86,8770,10225,0.95,60755,63875
CORP09,Glasgow City,2020-21,Q4,0.76,9075,11890,0.93,67485,72935
CORP09,Glasgow City,2021-22,Q1,0.85,9095,10640,0.95,57975,61285
CORP09,Glasgow City,2021-22,Q2,0.91,6700,7375,0.94,53760,57375
CORP09,Glasgow City,2021-22,Q3,0.94,10155,10790,0.94,61755,65860
CORP09,Glasgow City,2021-22,Q4,0.87,11455,13235,0.9,70960,79140
CORP09,Glasgow City,2022-23,Q1,0.83,11505,13890,0.88,65525,74460
CORP09,Glasgow City,2022-23,Q2,0.91,10940,12040,0.93,62365,67390
CORP09,Glasgow City,2022-23,Q3,0.96,11280,11810,0.95,60550,64000
CORP09,Glasgow City,2022-23,Q4,0.78,11070,14105,0.91,70455,77310
CORP09,Highland,2018-19,Q1,0.99,1025,1040,0.95,43220,45335
CORP09,Highland,2018-19,Q2,0.99,885,890,0.95,42485,44675
CORP09,Highland,2018-19,Q3,1,925,925,0.96,43850,45545
CORP09,Highland,2018-19,Q4,1,1040,1045,0.96,55370,57450
CORP09,Highland,2019-20,Q1,0.99,845,855,0.95,48665,51170
CORP09,Highland,2019-20,Q2,1,880,885,0.96,49270,51405
CORP09,Highland,2019-20,Q3,1,905,910,0.96,49190,51455
CORP09,Highland,2019-20,Q4,0.99,1275,1285,0.94,60110,63875
CORP09,Highland,2020-21,Q1,0.98,1090,1110,0.92,71020,77345
CORP09,Highland,2020-21,Q2,1,800,805,0.95,55980,58720
CORP09,Highland,2020-21,Q3,0.99,965,970,0.95,60755,63875
CORP09,Highland,2020-21,Q4,0.99,1495,1505,0.93,67485,72935
CORP09,Highland,2021-22,Q1,0.98,1555,1585,0.95,57975,61285
CORP09,Highland,2021-22,Q2,0.99,1310,1315,0.94,53760,57375
CORP09,Highland,2021-22,Q3,0.98,1645,1680,0.94,61755,65860
CORP09,Highland,2021-22,Q4,0.81,1655,2050,0.9,70960,79140
CORP09,Highland,2022-23,Q1,0.82,1365,1670,0.88,65525,74460
CORP09,Highland,2022-23,Q2,0.97,1340,1380,0.93,62365,67390
CORP09,Highland,2022-23,Q3,0.98,1305,1330,0.95,60550,64000
CORP09,Highland,2022-23,Q4,0.95,1790,1875,0.91,70455,77310
CORP09,Inverclyde,2018-19,Q1,1,890,890,0.95,43220,45335
CORP09,Inverclyde,2018-19,Q2,1,855,855,0.95,42485,44675
CORP09,Inverclyde,2018-19,Q3,1,790,790,0.96,43850,45545
CORP09,Inverclyde,2018-19,Q4,1,910,915,0.96,55370,57450
CORP09,Inverclyde,2019-20,Q1,1,770,770,0.95,48665,51170
CORP09,Inverclyde,2019-20,Q2,1,800,800,0.96,49270,51405
CORP09,Inverclyde,2019-20,Q3,1,755,755,0.96,49190,51455
CORP09,Inverclyde,2019-20,Q4,1,1010,1010,0.94,60110,63875
CORP09,Inverclyde,2020-21,Q1,1,940,945,0.92,71020,77345
CORP09,Inverclyde,2020-21,Q2,1,725,725,0.95,55980,58720
CORP09,Inverclyde,2020-21,Q3,1,820,820,0.95,60755,63875
CORP09,Inverclyde,2020-21,Q4,1,900,905,0.93,67485,72935
CORP09,Inverclyde,2021-22,Q1,1,790,795,0.95,57975,61285
CORP09,Inverclyde,2021-22,Q2,1,620,615,0.94,53760,57375
CORP09,Inverclyde,2021-22,Q3,0.99,650,655,0.94,61755,65860
CORP09,Inverclyde,2021-22,Q4,1,615,620,0.9,70960,79140
CORP09,Inverclyde,2022-23,Q1,1,695,695,0.88,65525,74460
CORP09,Inverclyde,2022-23,Q2,1,705,710,0.93,62365,67390
CORP09,Inverclyde,2022-23,Q3,1,685,690,0.95,60550,64000
CORP09,Inverclyde,2022-23,Q4,1,745,745,0.91,70455,77310
CORP09,Midlothian,2018-19,Q1,0.98,885,900,0.95,43220,45335
CORP09,Midlothian,2018-19,Q2,0.99,975,980,0.95,42485,44675
CORP09,Midlothian,2018-19,Q3,0.99,945,950,0.96,43850,45545
CORP09,Midlothian,2018-19,Q4,0.99,1200,1215,0.96,55370,57450
CORP09,Midlothian,2019-20,Q1,0.99,1105,1115,0.95,48665,51170
CORP09,Midlothian,2019-20,Q2,1,1055,1060,0.96,49270,51405
CORP09,Midlothian,2019-20,Q3,1,995,995,0.96,49190,51455
CORP09,Midlothian,2019-20,Q4,0.99,1295,1305,0.94,60110,63875
CORP09,Midlothian,2020-21,Q1,1,1155,1160,0.92,71020,77345
CORP09,Midlothian,2020-21,Q2,1,1030,1030,0.95,55980,58720
CORP09,Midlothian,2020-21,Q3,1,1280,1285,0.95,60755,63875
CORP09,Midlothian,2020-21,Q4,0.99,1675,1690,0.93,67485,72935
CORP09,Midlothian,2021-22,Q1,0.99,1605,1620,0.95,57975,61285
CORP09,Midlothian,2021-22,Q2,0.99,1565,1590,0.94,53760,57375
CORP09,Midlothian,2021-22,Q3,0.99,1595,1610,0.94,61755,65860
CORP09,Midlothian,2021-22,Q4,0.99,775,780,0.9,70960,79140
CORP09,Midlothian,2022-23,Q1,0.99,1865,1890,0.88,65525,74460
CORP09,Midlothian,2022-23,Q4,0.99,2245,2275,0.91,70455,77310
CORP09,Moray,2018-19,Q1,0.91,495,545,0.95,43220,45335
CORP09,Moray,2018-19,Q2,0.95,520,545,0.95,42485,44675
CORP09,Moray,2018-19,Q3,0.92,555,595,0.96,43850,45545
CORP09,Moray,2018-19,Q4,0.93,680,730,0.96,55370,57450
CORP09,Moray,2019-20,Q1,0.9,530,590,0.95,48665,51170
CORP09,Moray,2019-20,Q2,0.94,520,555,0.96,49270,51405
CORP09,Moray,2019-20,Q3,0.97,605,625,0.96,49190,51455
CORP09,Moray,2019-20,Q4,0.96,730,755,0.94,60110,63875
CORP09,Moray,2020-21,Q1,0.98,635,645,0.92,71020,77345
CORP09,Moray,2020-21,Q2,0.98,515,525,0.95,55980,58720
CORP09,Moray,2020-21,Q3,0.99,565,570,0.95,60755,63875
CORP09,Moray,2020-21,Q4,0.99,630,640,0.93,67485,72935
CORP09,Moray,2021-22,Q1,0.99,545,550,0.95,57975,61285
CORP09,Moray,2021-22,Q2,0.98,535,545,0.94,53760,57375
CORP09,Moray,2021-22,Q3,0.99,580,590,0.94,61755,65860
CORP09,Moray,2021-22,Q4,0.97,980,1010,0.9,70960,79140
CORP09,Moray,2022-23,Q1,0.97,730,750,0.88,65525,74460
CORP09,Moray,2022-23,Q2,0.97,635,650,0.93,62365,67390
CORP09,Moray,2022-23,Q3,0.99,600,610,0.95,60550,64000
CORP09,Moray,2022-23,Q4,0.98,730,745,0.91,70455,77310
CORP09,North Ayrshire,2018-19,Q1,0.98,1745,1780,0.95,43220,45335
CORP09,North Ayrshire,2018-19,Q2,0.99,1965,1980,0.95,42485,44675
CORP09,North Ayrshire,2018-19,Q3,1,2030,2030,0.96,43850,45545
CORP09,North Ayrshire,2018-19,Q4,1,2415,2430,0.96,55370,57450
CORP09,North Ayrshire,2019-20,Q1,1,2160,2170,0.95,48665,51170
CORP09,North Ayrshire,2019-20,Q2,0.99,1935,1950,0.96,49270,51405
CORP09,North Ayrshire,2019-20,Q3,0.98,1850,1875,0.96,49190,51455
CORP09,North Ayrshire,2019-20,Q4,0.99,2315,2345,0.94,60110,63875
CORP09,North Ayrshire,2020-21,Q1,1,2035,2040,0.92,71020,77345
CORP09,North Ayrshire,2020-21,Q2,0.99,1450,1465,0.95,55980,58720
CORP09,North Ayrshire,2020-21,Q3,0.99,1625,1635,0.95,60755,63875
CORP09,North Ayrshire,2020-21,Q4,0.99,1495,1510,0.93,67485,72935
CORP09,North Ayrshire,2021-22,Q1,0.98,1200,1220,0.95,57975,61285
CORP09,North Ayrshire,2021-22,Q2,0.99,1235,1250,0.94,53760,57375
CORP09,North Ayrshire,2021-22,Q3,0.99,1365,1385,0.94,61755,65860
CORP09,North Ayrshire,2021-22,Q4,0.99,1655,1665,0.9,70960,79140
CORP09,North Ayrshire,2022-23,Q1,0.99,1545,1555,0.88,65525,74460
CORP09,North Ayrshire,2022-23,Q2,0.99,1550,1560,0.93,62365,67390
CORP09,North Ayrshire,2022-23,Q3,1,1655,1660,0.95,60550,64000
CORP09,North Ayrshire,2022-23,Q4,1,2050,2060,0.91,70455,77310
CORP09,North Lanarkshire,2018-19,Q1,0.97,3885,3995,0.95,43220,45335
CORP09,North Lanarkshire,2018-19,Q2,0.93,3575,3855,0.95,42485,44675
CORP09,North Lanarkshire,2018-19,Q3,1,3675,3680,0.96,43850,45545
CORP09,North Lanarkshire,2018-19,Q4,1,4695,4700,0.96,55370,57450
CORP09,North Lanarkshire,2019-20,Q1,1,4365,4380,0.95,48665,51170
CORP09,North Lanarkshire,2019-20,Q2,1,4220,4235,0.96,49270,51405
CORP09,North Lanarkshire,2019-20,Q3,1,3920,3935,0.96,49190,51455
CORP09,North Lanarkshire,2019-20,Q4,1,3135,3135,0.94,60110,63875
CORP09,North Lanarkshire,2020-21,Q1,0.94,3710,3960,0.92,71020,77345
CORP09,North Lanarkshire,2020-21,Q2,0.97,3300,3400,0.95,55980,58720
CORP09,North Lanarkshire,2020-21,Q3,0.93,3725,4010,0.95,60755,63875
CORP09,North Lanarkshire,2020-21,Q4,0.95,4370,4590,0.93,67485,72935
CORP09,North Lanarkshire,2021-22,Q1,0.96,3495,3635,0.95,57975,61285
CORP09,North Lanarkshire,2021-22,Q2,0.92,3570,3885,0.94,53760,57375
CORP09,North Lanarkshire,2021-22,Q3,0.92,3720,4060,0.94,61755,65860
CORP09,North Lanarkshire,2021-22,Q4,0.92,5350,5810,0.9,70960,79140
CORP09,North Lanarkshire,2022-23,Q1,0.84,3920,4645,0.88,65525,74460
CORP09,North Lanarkshire,2022-23,Q2,0.84,4390,5205,0.93,62365,67390
CORP09,North Lanarkshire,2022-23,Q3,0.91,2375,2610,0.95,60550,64000
CORP09,Orkney Islands,2018-19,Q1,1,20,20,0.95,43220,45335
CORP09,Orkney Islands,2018-19,Q2,0.94,15,20,0.95,42485,44675
CORP09,Orkney Islands,2018-19,Q3,1,20,20,0.96,43850,45545
CORP09,Orkney Islands,2018-19,Q4,0.96,25,25,0.96,55370,57450
CORP09,Orkney Islands,2019-20,Q1,1,15,15,0.95,48665,51170
CORP09,Orkney Islands,2019-20,Q2,1,20,20,0.96,49270,51405
CORP09,Orkney Islands,2019-20,Q3,1,15,15,0.96,49190,51455
CORP09,Orkney Islands,2019-20,Q4,1,20,20,0.94,60110,63875
CORP09,Orkney Islands,2020-21,Q1,1,35,35,0.92,71020,77345
CORP09,Orkney Islands,2020-21,Q2,1,30,30,0.95,55980,58720
CORP09,Orkney Islands,2020-21,Q3,1,25,25,0.95,60755,63875
CORP09,Orkney Islands,2020-21,Q4,1,30,30,0.93,67485,72935
CORP09,Orkney Islands,2021-22,Q1,1,25,25,0.95,57975,61285
CORP09,Orkney Islands,2021-22,Q2,1,25,25,0.94,53760,57375
CORP09,Orkney Islands,2021-22,Q3,1,25,25,0.94,61755,65860
CORP09,Orkney Islands,2021-22,Q4,0.96,25,25,0.9,70960,79140
CORP09,Orkney Islands,2022-23,Q1,0.95,20,20,0.88,65525,74460
CORP09,Orkney Islands,2022-23,Q2,1,20,20,0.93,62365,67390
CORP09,Orkney Islands,2022-23,Q3,1,30,30,0.95,60550,64000
CORP09,Orkney Islands,2022-23,Q4,1,35,35,0.91,70455,77310
CORP09,Perth & Kinross,2018-19,Q1,0.99,880,885,0.95,43220,45335
CORP09,Perth & Kinross,2018-19,Q2,0.99,895,900,0.95,42485,44675
CORP09,Perth & Kinross,2018-19,Q3,0.99,925,930,0.96,43850,45545
CORP09,Perth & Kinross,2018-19,Q4,1,1135,1140,0.96,55370,57450
CORP09,Perth & Kinross,2019-20,Q1,0.99,1005,1010,0.95,48665,51170
CORP09,Perth & Kinross,2019-20,Q2,0.99,1105,1110,0.96,49270,51405
CORP09,Perth & Kinross,2019-20,Q3,0.99,1045,1055,0.96,49190,51455
CORP09,Perth & Kinross,2019-20,Q4,0.99,1395,1415,0.94,60110,63875
CORP09,Perth & Kinross,2020-21,Q1,0.99,1755,1770,0.92,71020,77345
CORP09,Perth & Kinross,2020-21,Q2,0.99,1410,1420,0.95,55980,58720
CORP09,Perth & Kinross,2020-21,Q3,0.99,1365,1380,0.95,60755,63875
CORP09,Perth & Kinross,2020-21,Q4,0.99,1550,1565,0.93,67485,72935
CORP09,Perth & Kinross,2021-22,Q1,0.97,1265,1300,0.95,57975,61285
CORP09,Perth & Kinross,2021-22,Q2,0.98,1230,1250,0.94,53760,57375
CORP09,Perth & Kinross,2021-22,Q3,0.99,1360,1375,0.94,61755,65860
CORP09,Perth & Kinross,2021-22,Q4,0.98,1570,1615,0.9,70960,79140
CORP09,Perth & Kinross,2022-23,Q1,0.98,1430,1455,0.88,65525,74460
CORP09,Perth & Kinross,2022-23,Q2,0.99,1330,1340,0.93,62365,67390
CORP09,Perth & Kinross,2022-23,Q3,0.99,1540,1550,0.95,60550,64000
CORP09,Perth & Kinross,2022-23,Q4,0.99,2105,2125,0.91,70455,77310
CORP09,Renfrewshire,2018-19,Q1,0.92,2140,2335,0.95,43220,45335
CORP09,Renfrewshire,2018-19,Q2,0.92,1820,1990,0.95,42485,44675
CORP09,Renfrewshire,2018-19,Q3,0.92,1885,2060,0.96,43850,45545
CORP09,Renfrewshire,2018-19,Q4,0.93,2450,2620,0.96,55370,57450
CORP09,Renfrewshire,2019-20,Q1,0.93,2225,2395,0.95,48665,51170
CORP09,Renfrewshire,2019-20,Q2,0.93,1935,2075,0.96,49270,51405
CORP09,Renfrewshire,2019-20,Q3,0.93,1870,2010,0.96,49190,51455
CORP09,Renfrewshire,2019-20,Q4,0.95,2475,2615,0.94,60110,63875
CORP09,Renfrewshire,2020-21,Q1,0.94,2675,2840,0.92,71020,77345
CORP09,Renfrewshire,2020-21,Q2,0.93,2045,2210,0.95,55980,58720
CORP09,Renfrewshire,2020-21,Q3,0.93,2285,2460,0.95,60755,63875
CORP09,Renfrewshire,2020-21,Q4,0.9,2230,2470,0.93,67485,72935
CORP09,Renfrewshire,2021-22,Q1,0.91,1930,2120,0.95,57975,61285
CORP09,Renfrewshire,2021-22,Q2,0.87,1935,2220,0.94,53760,57375
CORP09,Renfrewshire,2021-22,Q3,0.88,2090,2375,0.94,61755,65860
CORP09,Renfrewshire,2021-22,Q4,0.88,2705,3065,0.9,70960,79140
CORP09,Renfrewshire,2022-23,Q1,0.85,2305,2700,0.88,65525,74460
CORP09,Renfrewshire,2022-23,Q2,0.83,2035,2450,0.93,62365,67390
CORP09,Renfrewshire,2022-23,Q3,0.83,1930,2320,0.95,60550,64000
CORP09,Renfrewshire,2022-23,Q4,0.82,2605,3200,0.91,70455,77310
CORP09,Scottish Borders,2018-19,Q1,0.97,505,525,0.95,43220,45335
CORP09,Scottish Borders,2018-19,Q2,0.98,455,465,0.95,42485,44675
CORP09,Scottish Borders,2018-19,Q3,0.95,500,530,0.96,43850,45545
CORP09,Scottish Borders,2018-19,Q4,0.96,630,655,0.96,55370,57450
CORP09,Scottish Borders,2019-20,Q1,0.95,510,530,0.95,48665,51170
CORP09,Scottish Borders,2019-20,Q2,0.97,580,600,0.96,49270,51405
CORP09,Scottish Borders,2019-20,Q3,0.98,580,590,0.96,49190,51455
CORP09,Scottish Borders,2019-20,Q4,0.98,760,775,0.94,60110,63875
CORP09,Scottish Borders,2020-21,Q1,0.98,640,655,0.92,71020,77345
CORP09,Scottish Borders,2020-21,Q2,0.98,535,550,0.95,55980,58720
CORP09,Scottish Borders,2020-21,Q3,0.96,530,560,0.95,60755,63875
CORP09,Scottish Borders,2020-21,Q4,0.98,590,605,0.93,67485,72935
CORP09,Scottish Borders,2021-22,Q1,0.98,475,485,0.95,57975,61285
CORP09,Scottish Borders,2021-22,Q2,0.96,520,540,0.94,53760,57375
CORP09,Scottish Borders,2021-22,Q3,0.98,585,595,0.94,61755,65860
CORP09,Scottish Borders,2021-22,Q4,0.97,690,720,0.9,70960,79140
CORP09,Scottish Borders,2022-23,Q1,0.97,645,665,0.88,65525,74460
CORP09,Scottish Borders,2022-23,Q2,0.98,625,645,0.93,62365,67390
CORP09,Scottish Borders,2022-23,Q3,0.98,570,580,0.95,60550,64000
CORP09,Scottish Borders,2022-23,Q4,0.97,770,790,0.91,70455,77310
CORP09,Shetland Islands,2018-19,Q1,0.71,35,50,0.95,43220,45335
CORP09,Shetland Islands,2018-19,Q2,0.76,25,35,0.95,42485,44675
CORP09,Shetland Islands,2018-19,Q3,0.63,25,40,0.96,43850,45545
CORP09,Shetland Islands,2018-19,Q4,0.71,35,50,0.96,55370,57450
CORP09,Shetland Islands,2019-20,Q1,0.54,30,60,0.95,48665,51170
CORP09,Shetland Islands,2019-20,Q2,0.47,30,60,0.96,49270,51405
CORP09,Shetland Islands,2019-20,Q3,0.57,30,55,0.96,49190,51455
CORP09,Shetland Islands,2019-20,Q4,0.63,30,50,0.94,60110,63875
CORP09,Shetland Islands,2020-21,Q1,0.43,15,30,0.92,71020,77345
CORP09,Shetland Islands,2020-21,Q2,0.62,15,20,0.95,55980,58720
CORP09,Shetland Islands,2020-21,Q3,0.45,10,20,0.95,60755,63875
CORP09,Shetland Islands,2020-21,Q4,0.7,25,35,0.93,67485,72935
CORP09,Shetland Islands,2021-22,Q1,0.68,25,35,0.95,57975,61285
CORP09,Shetland Islands,2021-22,Q2,0.64,15,30,0.94,53760,57375
CORP09,Shetland Islands,2021-22,Q3,0.85,20,25,0.94,61755,65860
CORP09,Shetland Islands,2021-22,Q4,0.75,30,40,0.9,70960,79140
CORP09,Shetland Islands,2022-23,Q1,0.6,25,40,0.88,65525,74460
CORP09,Shetland Islands,2022-23,Q2,0.54,15,30,0.93,62365,67390
CORP09,Shetland Islands,2022-23,Q3,0.82,30,40,0.95,60550,64000
CORP09,Shetland Islands,2022-23,Q4,0.81,25,30,0.91,70455,77310
CORP09,South Ayrshire,2018-19,Q1,0.98,730,750,0.95,43220,45335
CORP09,South Ayrshire,2018-19,Q2,0.98,740,755,0.95,42485,44675
CORP09,South Ayrshire,2018-19,Q3,0.97,855,880,0.96,43850,45545
CORP09,South Ayrshire,2018-19,Q4,0.98,1010,1030,0.96,55370,57450
CORP09,South Ayrshire,2019-20,Q1,0.98,825,835,0.95,48665,51170
CORP09,South Ayrshire,2019-20,Q2,0.97,785,805,0.96,49270,51405
CORP09,South Ayrshire,2019-20,Q3,0.99,860,865,0.96,49190,51455
CORP09,South Ayrshire,2019-20,Q4,0.98,1120,1140,0.94,60110,63875
CORP09,South Ayrshire,2020-21,Q1,0.95,1215,1280,0.92,71020,77345
CORP09,South Ayrshire,2020-21,Q2,0.97,845,875,0.95,55980,58720
CORP09,South Ayrshire,2020-21,Q3,0.98,1085,1110,0.95,60755,63875
CORP09,South Ayrshire,2020-21,Q4,0.98,1055,1080,0.93,67485,72935
CORP09,South Ayrshire,2021-22,Q1,0.97,925,950,0.95,57975,61285
CORP09,South Ayrshire,2021-22,Q2,0.97,965,1000,0.94,53760,57375
CORP09,South Ayrshire,2021-22,Q3,0.96,1205,1245,0.94,61755,65860
CORP09,South Ayrshire,2021-22,Q4,0.95,1395,1475,0.9,70960,79140
CORP09,South Ayrshire,2022-23,Q1,0.94,1185,1255,0.88,65525,74460
CORP09,South Ayrshire,2022-23,Q2,0.98,1150,1180,0.93,62365,67390
CORP09,South Ayrshire,2022-23,Q3,0.96,1105,1155,0.95,60550,64000
CORP09,South Ayrshire,2022-23,Q4,0.97,1230,1270,0.91,70455,77310
CORP09,South Lanarkshire,2018-19,Q1,0.98,1345,1365,0.95,43220,45335
CORP09,South Lanarkshire,2018-19,Q2,0.98,1385,1410,0.95,42485,44675
CORP09,South Lanarkshire,2018-19,Q3,0.98,1480,1510,0.96,43850,45545
CORP09,South Lanarkshire,2018-19,Q4,0.98,1745,1780,0.96,55370,57450
CORP09,South Lanarkshire,2019-20,Q1,0.98,1550,1580,0.95,48665,51170
CORP09,South Lanarkshire,2019-20,Q2,0.98,1525,1550,0.96,49270,51405
CORP09,South Lanarkshire,2019-20,Q3,0.98,1440,1470,0.96,49190,51455
CORP09,South Lanarkshire,2019-20,Q4,0.98,1950,1985,0.94,60110,63875
CORP09,South Lanarkshire,2020-21,Q1,0.96,2505,2595,0.92,71020,77345
CORP09,South Lanarkshire,2020-21,Q2,0.98,2165,2205,0.95,55980,58720
CORP09,South Lanarkshire,2020-21,Q3,0.99,2620,2655,0.95,60755,63875
CORP09,South Lanarkshire,2020-21,Q4,0.98,2620,2665,0.93,67485,72935
CORP09,South Lanarkshire,2021-22,Q1,0.99,2230,2260,0.95,57975,61285
CORP09,South Lanarkshire,2021-22,Q2,0.99,2380,2415,0.94,53760,57375
CORP09,South Lanarkshire,2021-22,Q3,0.99,2795,2830,0.94,61755,65860
CORP09,South Lanarkshire,2021-22,Q4,0.99,3365,3410,0.9,70960,79140
CORP09,South Lanarkshire,2022-23,Q1,0.98,2905,2970,0.88,65525,74460
CORP09,South Lanarkshire,2022-23,Q2,0.98,2480,2540,0.93,62365,67390
CORP09,South Lanarkshire,2022-23,Q3,0.98,2445,2505,0.95,60550,64000
CORP09,South Lanarkshire,2022-23,Q4,0.97,2885,2990,0.91,70455,77310
CORP09,Stirling,2018-19,Q1,0.91,725,795,0.95,43220,45335
CORP09,Stirling,2018-19,Q2,0.89,650,725,0.95,42485,44675
CORP09,Stirling,2018-19,Q3,0.9,680,755,0.96,43850,45545
CORP09,Stirling,2018-19,Q4,0.89,900,1010,0.96,55370,57450
CORP09,Stirling,2019-20,Q1,0.88,660,745,0.95,48665,51170
CORP09,Stirling,2019-20,Q2,0.95,710,750,0.96,49270,51405
CORP09,Stirling,2019-20,Q3,0.95,790,830,0.96,49190,51455
CORP09,Stirling,2019-20,Q4,0.92,1075,1170,0.94,60110,63875
CORP09,Stirling,2020-21,Q1,0.93,950,1025,0.92,71020,77345
CORP09,Stirling,2020-21,Q2,0.94,770,820,0.95,55980,58720
CORP09,Stirling,2020-21,Q3,0.93,850,910,0.95,60755,63875
CORP09,Stirling,2020-21,Q4,0.91,1020,1120,0.93,67485,72935
CORP09,Stirling,2021-22,Q1,0.89,805,905,0.95,57975,61285
CORP09,Stirling,2021-22,Q2,0.92,790,860,0.94,53760,57375
CORP09,Stirling,2021-22,Q3,0.91,905,1000,0.94,61755,65860
CORP09,Stirling,2021-22,Q4,0.86,1080,1250,0.9,70960,79140
CORP09,Stirling,2022-23,Q1,0.84,885,1055,0.88,65525,74460
CORP09,Stirling,2022-23,Q2,0.89,900,1015,0.93,62365,67390
CORP09,Stirling,2022-23,Q3,0.86,875,1010,0.95,60550,64000
CORP09,Stirling,2022-23,Q4,0.89,1120,1260,0.91,70455,77310
CORP09,West Dunbartonshire,2018-19,Q1,0.96,1330,1385,0.95,43220,45335
CORP09,West Dunbartonshire,2018-19,Q2,0.94,1175,1255,0.95,42485,44675
CORP09,West Dunbartonshire,2018-19,Q3,0.93,1345,1445,0.96,43850,45545
CORP09,West Dunbartonshire,2018-19,Q4,0.96,1560,1630,0.96,55370,57450
CORP09,West Dunbartonshire,2019-20,Q1,0.96,1230,1290,0.95,48665,51170
CORP09,West Dunbartonshire,2019-20,Q2,0.95,1260,1330,0.96,49270,51405
CORP09,West Dunbartonshire,2019-20,Q3,0.94,1295,1380,0.96,49190,51455
CORP09,West Dunbartonshire,2019-20,Q4,0.92,1620,1760,0.94,60110,63875
CORP09,West Dunbartonshire,2020-21,Q1,0.9,2335,2585,0.92,71020,77345
CORP09,West Dunbartonshire,2020-21,Q2,0.97,2190,2270,0.95,55980,58720
CORP09,West Dunbartonshire,2020-21,Q3,0.95,2170,2280,0.95,60755,63875
CORP09,West Dunbartonshire,2020-21,Q4,0.94,1990,2110,0.93,67485,72935
CORP09,West Dunbartonshire,2021-22,Q1,0.93,1580,1690,0.95,57975,61285
CORP09,West Dunbartonshire,2021-22,Q2,0.92,1375,1500,0.94,53760,57375
CORP09,West Dunbartonshire,2021-22,Q3,0.94,1515,1600,0.94,61755,65860
CORP09,West Dunbartonshire,2021-22,Q4,0.93,2045,2205,0.9,70960,79140
CORP09,West Dunbartonshire,2022-23,Q1,0.93,1625,1755,0.88,65525,74460
CORP09,West Dunbartonshire,2022-23,Q2,0.95,1390,1465,0.93,62365,67390
CORP09,West Dunbartonshire,2022-23,Q3,0.94,1220,1295,0.95,60550,64000
CORP09,West Dunbartonshire,2022-23,Q4,0.96,1590,1660,0.91,70455,77310
CORP09,West Lothian,2018-19,Q1,0.96,1535,1600,0.95,43220,45335
CORP09,West Lothian,2018-19,Q2,0.97,1840,1885,0.95,42485,44675
CORP09,West Lothian,2018-19,Q3,0.95,1840,1950,0.96,43850,45545
CORP09,West Lothian,2018-19,Q4,0.94,2360,2500,0.96,55370,57450
CORP09,West Lothian,2019-20,Q1,0.94,1940,2060,0.95,48665,51170
CORP09,West Lothian,2019-20,Q2,0.95,1940,2040,0.96,49270,51405
CORP09,West Lothian,2019-20,Q3,0.96,1805,1890,0.96,49190,51455
CORP09,West Lothian,2019-20,Q4,0.96,2520,2625,0.94,60110,63875
CORP09,West Lothian,2020-21,Q1,0.91,2000,2205,0.92,71020,77345
CORP09,West Lothian,2020-21,Q2,0.95,2685,2820,0.95,55980,58720
CORP09,West Lothian,2020-21,Q3,0.92,2865,3105,0.95,60755,63875
CORP09,West Lothian,2020-21,Q4,0.81,2925,3630,0.93,67485,72935
CORP09,West Lothian,2021-22,Q1,0.9,2780,3085,0.95,57975,61285
CORP09,West Lothian,2021-22,Q2,0.6,1695,2815,0.94,53760,57375
CORP09,West Lothian,2021-22,Q3,0.56,1655,2945,0.94,61755,65860
CORP09,West Lothian,2021-22,Q4,0.52,1860,3590,0.9,70960,79140
CORP09,West Lothian,2022-23,Q1,0.65,2660,4085,0.88,65525,74460
CORP09,West Lothian,2022-23,Q2,0.73,2260,3105,0.93,62365,67390
CORP09,West Lothian,2022-23,Q3,0.83,2405,2910,0.95,60550,64000
CORP09,West Lothian,2022-23,Q4,0.76,2590,3430,0.91,70455,77310
CORP10,Aberdeen City,2018-19,Q1,0.9,585,650,0.9,14600,16180
CORP10,Aberdeen City,2018-19,Q2,0.69,590,855,0.89,14490,16330
CORP10,Aberdeen City,2018-19,Q3,0.93,640,690,0.93,17125,18495
CORP10,Aberdeen City,2018-19,Q4,0.79,515,650,0.86,15445,17895
CORP10,Aberdeen City,2019-20,Q1,0.76,610,800,0.78,15140,19330
CORP10,Aberdeen City,2019-20,Q2,0.78,645,825,0.9,16880,18705
CORP10,Aberdeen City,2019-20,Q3,0.58,355,610,0.8,15565,19425
CORP10,Aberdeen City,2019-20,Q4,0.6,400,670,0.81,15550,19265
CORP10,Aberdeen City,2020-21,Q1,0.57,565,990,0.83,14930,18060
CORP10,Aberdeen City,2020-21,Q2,0.83,580,705,0.86,16970,19665
CORP10,Aberdeen City,2020-21,Q3,0.56,510,910,0.88,18635,21175
CORP10,Aberdeen City,2020-21,Q4,0.51,520,1025,0.81,22255,27635
CORP10,Aberdeen City,2021-22,Q1,0.58,525,900,0.92,19165,20870
CORP10,Aberdeen City,2021-22,Q2,0.83,610,735,0.84,16700,19860
CORP10,Aberdeen City,2021-22,Q3,0.5,305,600,0.9,20140,22375
CORP10,Aberdeen City,2021-22,Q4,0.33,300,900,0.77,17455,22710
CORP10,Aberdeen City,2022-23,Q1,0.43,335,785,0.87,19970,23065
CORP10,Aberdeen City,2022-23,Q2,0.5,500,995,0.87,19670,22645
CORP10,Aberdeen City,2022-23,Q3,0.9,835,925,0.89,20790,23425
CORP10,Aberdeen City,2022-23,Q4,0.96,830,865,0.86,20875,24305
CORP10,Aberdeenshire,2018-19,Q1,0.92,305,330,0.9,14600,16180
CORP10,Aberdeenshire,2018-19,Q2,0.9,375,420,0.89,14490,16330
CORP10,Aberdeenshire,2018-19,Q3,0.7,285,410,0.93,17125,18495
CORP10,Aberdeenshire,2018-19,Q4,0.7,295,420,0.86,15445,17895
CORP10,Aberdeenshire,2019-20,Q1,0.7,290,420,0.78,15140,19330
CORP10,Aberdeenshire,2019-20,Q2,0.76,415,545,0.9,16880,18705
CORP10,Aberdeenshire,2019-20,Q3,0.82,400,490,0.8,15565,19425
CORP10,Aberdeenshire,2019-20,Q4,0.9,485,535,0.81,15550,19265
CORP10,Aberdeenshire,2020-21,Q1,0.96,435,450,0.83,14930,18060
CORP10,Aberdeenshire,2020-21,Q2,0.96,365,380,0.86,16970,19665
CORP10,Aberdeenshire,2020-21,Q3,0.89,435,490,0.88,18635,21175
CORP10,Aberdeenshire,2020-21,Q4,0.92,640,695,0.81,22255,27635
CORP10,Aberdeenshire,2021-22,Q1,0.97,440,455,0.92,19165,20870
CORP10,Aberdeenshire,2021-22,Q2,0.91,350,380,0.84,16700,19860
CORP10,Aberdeenshire,2021-22,Q3,0.9,455,510,0.9,20140,22375
CORP10,Aberdeenshire,2021-22,Q4,0.9,520,580,0.77,17455,22710
CORP10,Aberdeenshire,2022-23,Q1,0.91,335,365,0.87,19970,23065
CORP10,Aberdeenshire,2022-23,Q2,0.87,485,560,0.87,19670,22645
CORP10,Aberdeenshire,2022-23,Q3,0.88,555,630,0.89,20790,23425
CORP10,Aberdeenshire,2022-23,Q4,0.9,575,635,0.86,20875,24305
CORP10,Angus,2018-19,Q1,0.93,240,260,0.9,14600,16180
CORP10,Angus,2018-19,Q2,0.91,220,245,0.89,14490,16330
CORP10,Angus,2018-19,Q3,0.87,200,230,0.93,17125,18495
CORP10,Angus,2018-19,Q4,0.89,330,375,0.86,15445,17895
CORP10,Angus,2019-20,Q1,0.77,220,285,0.78,15140,19330
CORP10,Angus,2019-20,Q2,0.87,310,355,0.9,16880,18705
CORP10,Angus,2019-20,Q3,0.89,215,240,0.8,15565,19425
CORP10,Angus,2019-20,Q4,0.92,330,360,0.81,15550,19265
CORP10,Angus,2020-21,Q1,0.92,285,315,0.83,14930,18060
CORP10,Angus,2020-21,Q2,0.91,240,265,0.86,16970,19665
CORP10,Angus,2020-21,Q3,0.81,250,310,0.88,18635,21175
CORP10,Angus,2020-21,Q4,0.87,405,470,0.81,22255,27635
CORP10,Angus,2021-22,Q1,0.85,305,360,0.92,19165,20870
CORP10,Angus,2021-22,Q2,0.89,315,350,0.84,16700,19860
CORP10,Angus,2021-22,Q3,0.81,205,255,0.9,20140,22375
CORP10,Angus,2021-22,Q4,0.83,180,215,0.77,17455,22710
CORP10,Angus,2022-23,Q1,0.74,305,410,0.87,19970,23065
CORP10,Angus,2022-23,Q2,0.84,375,445,0.87,19670,22645
CORP10,Angus,2022-23,Q3,0.85,295,345,0.89,20790,23425
CORP10,Angus,2022-23,Q4,0.86,360,420,0.86,20875,24305
CORP10,Argyll & Bute,2018-19,Q1,1,190,190,0.9,14600,16180
CORP10,Argyll & Bute,2018-19,Q2,1,160,160,0.89,14490,16330
CORP10,Argyll & Bute,2018-19,Q3,1,180,180,0.93,17125,18495
CORP10,Argyll & Bute,2018-19,Q4,1,220,220,0.86,15445,17895
CORP10,Argyll & Bute,2019-20,Q1,1,150,150,0.78,15140,19330
CORP10,Argyll & Bute,2019-20,Q2,0.99,165,165,0.9,16880,18705
CORP10,Argyll & Bute,2019-20,Q3,1,230,230,0.8,15565,19425
CORP10,Argyll & Bute,2019-20,Q4,0.99,200,200,0.81,15550,19265
CORP10,Argyll & Bute,2020-21,Q1,1,180,180,0.83,14930,18060
CORP10,Argyll & Bute,2020-21,Q2,1,265,265,0.86,16970,19665
CORP10,Argyll & Bute,2020-21,Q3,1,280,280,0.88,18635,21175
CORP10,Argyll & Bute,2020-21,Q4,1,235,240,0.81,22255,27635
CORP10,Argyll & Bute,2021-22,Q1,1,250,250,0.92,19165,20870
CORP10,Argyll & Bute,2021-22,Q2,1,205,205,0.84,16700,19860
CORP10,Argyll & Bute,2021-22,Q3,1,220,220,0.9,20140,22375
CORP10,Argyll & Bute,2021-22,Q4,1,185,185,0.77,17455,22710
CORP10,Argyll & Bute,2022-23,Q1,0.97,220,225,0.87,19970,23065
CORP10,Argyll & Bute,2022-23,Q2,1,210,210,0.87,19670,22645
CORP10,Argyll & Bute,2022-23,Q3,1,235,235,0.89,20790,23425
CORP10,Argyll & Bute,2022-23,Q4,1,270,270,0.86,20875,24305
CORP10,Clackmannanshire,2018-19,Q1,0.98,240,245,0.9,14600,16180
CORP10,Clackmannanshire,2018-19,Q2,0.99,270,275,0.89,14490,16330
CORP10,Clackmannanshire,2018-19,Q3,1,215,220,0.93,17125,18495
CORP10,Clackmannanshire,2018-19,Q4,0.97,225,230,0.86,15445,17895
CORP10,Clackmannanshire,2019-20,Q1,0.99,275,275,0.78,15140,19330
CORP10,Clackmannanshire,2019-20,Q2,1,260,260,0.9,16880,18705
CORP10,Clackmannanshire,2019-20,Q3,0.99,320,320,0.8,15565,19425
CORP10,Clackmannanshire,2019-20,Q4,1,325,330,0.81,15550,19265
CORP10,Clackmannanshire,2020-21,Q1,1,275,275,0.83,14930,18060
CORP10,Clackmannanshire,2020-21,Q2,1,300,300,0.86,16970,19665
CORP10,Clackmannanshire,2020-21,Q3,0.99,300,305,0.88,18635,21175
CORP10,Clackmannanshire,2020-21,Q4,1,230,230,0.81,22255,27635
CORP10,Clackmannanshire,2021-22,Q1,0.93,250,270,0.92,19165,20870
CORP10,Clackmannanshire,2021-22,Q2,0.98,220,225,0.84,16700,19860
CORP10,Clackmannanshire,2021-22,Q3,0.96,220,230,0.9,20140,22375
CORP10,Clackmannanshire,2021-22,Q4,0.99,215,220,0.77,17455,22710
CORP10,Clackmannanshire,2022-23,Q1,0.99,210,215,0.87,19970,23065
CORP10,Clackmannanshire,2022-23,Q2,0.97,290,300,0.87,19670,22645
CORP10,Clackmannanshire,2022-23,Q3,1,320,320,0.89,20790,23425
CORP10,Clackmannanshire,2022-23,Q4,1,310,310,0.86,20875,24305
CORP10,Dumfries & Galloway,2018-19,Q1,0.69,360,525,0.9,14600,16180
CORP10,Dumfries & Galloway,2018-19,Q2,0.98,435,445,0.89,14490,16330
CORP10,Dumfries & Galloway,2018-19,Q3,0.91,395,435,0.93,17125,18495
CORP10,Dumfries & Galloway,2018-19,Q4,0.54,275,510,0.86,15445,17895
CORP10,Dumfries & Galloway,2019-20,Q1,0.74,500,680,0.78,15140,19330
CORP10,Dumfries & Galloway,2019-20,Q2,0.79,410,525,0.9,16880,18705
CORP10,Dumfries & Galloway,2019-20,Q3,0.97,565,585,0.8,15565,19425
CORP10,Dumfries & Galloway,2019-20,Q4,0.84,535,640,0.81,15550,19265
CORP10,Dumfries & Galloway,2020-21,Q1,0.97,600,620,0.83,14930,18060
CORP10,Dumfries & Galloway,2020-21,Q2,0.98,640,655,0.86,16970,19665
CORP10,Dumfries & Galloway,2020-21,Q3,0.72,455,625,0.88,18635,21175
CORP10,Dumfries & Galloway,2020-21,Q4,0.86,635,740,0.81,22255,27635
CORP10,Dumfries & Galloway,2021-22,Q1,0.91,440,480,0.92,19165,20870
CORP10,Dumfries & Galloway,2021-22,Q2,0.36,200,570,0.84,16700,19860
CORP10,Dumfries & Galloway,2021-22,Q3,0.82,495,605,0.9,20140,22375
CORP10,Dumfries & Galloway,2021-22,Q4,0.74,500,680,0.77,17455,22710
CORP10,Dumfries & Galloway,2022-23,Q1,0.62,420,675,0.87,19970,23065
CORP10,Dumfries & Galloway,2022-23,Q2,0.73,380,520,0.87,19670,22645
CORP10,Dumfries & Galloway,2022-23,Q3,0.33,230,690,0.89,20790,23425
CORP10,Dumfries & Galloway,2022-23,Q4,0.39,320,820,0.86,20875,24305
CORP10,Dundee City,2018-19,Q1,0.86,695,810,0.9,14600,16180
CORP10,Dundee City,2018-19,Q2,0.9,670,745,0.89,14490,16330
CORP10,Dundee City,2018-19,Q3,0.91,655,720,0.93,17125,18495
CORP10,Dundee City,2018-19,Q4,0.85,625,740,0.86,15445,17895
CORP10,Dundee City,2019-20,Q1,0.84,705,840,0.78,15140,19330
CORP10,Dundee City,2019-20,Q2,0.77,655,845,0.9,16880,18705
CORP10,Dundee City,2019-20,Q3,0.84,640,760,0.8,15565,19425
CORP10,Dundee City,2019-20,Q4,0.84,580,685,0.81,15550,19265
CORP10,Dundee City,2020-21,Q1,0.82,580,715,0.83,14930,18060
CORP10,Dundee City,2020-21,Q2,0.86,695,805,0.86,16970,19665
CORP10,Dundee City,2020-21,Q3,0.97,825,855,0.88,18635,21175
CORP10,Dundee City,2020-21,Q4,0.83,690,825,0.81,22255,27635
CORP10,Dundee City,2021-22,Q1,0.82,795,975,0.92,19165,20870
CORP10,Dundee City,2021-22,Q2,0.73,475,650,0.84,16700,19860
CORP10,Dundee City,2021-22,Q3,0.83,590,710,0.9,20140,22375
CORP10,Dundee City,2021-22,Q4,0.82,955,1160,0.77,17455,22710
CORP10,Dundee City,2022-23,Q1,0.73,540,730,0.87,19970,23065
CORP10,Dundee City,2022-23,Q2,0.68,630,930,0.87,19670,22645
CORP10,Dundee City,2022-23,Q3,0.79,810,1030,0.89,20790,23425
CORP10,Dundee City,2022-23,Q4,0.74,720,970,0.86,20875,24305
CORP10,East Ayrshire,2018-19,Q1,0.98,525,535,0.9,14600,16180
CORP10,East Ayrshire,2018-19,Q2,0.96,470,490,0.89,14490,16330
CORP10,East Ayrshire,2018-19,Q3,0.98,595,610,0.93,17125,18495
CORP10,East Ayrshire,2018-19,Q4,0.99,490,495,0.86,15445,17895
CORP10,East Ayrshire,2019-20,Q1,0.98,545,560,0.78,15140,19330
CORP10,East Ayrshire,2019-20,Q2,0.94,435,460,0.9,16880,18705
CORP10,East Ayrshire,2019-20,Q3,0.98,695,710,0.8,15565,19425
CORP10,East Ayrshire,2019-20,Q4,0.98,600,615,0.81,15550,19265
CORP10,East Ayrshire,2020-21,Q1,0.99,650,655,0.83,14930,18060
CORP10,East Ayrshire,2020-21,Q2,1,600,600,0.86,16970,19665
CORP10,East Ayrshire,2020-21,Q3,1,820,820,0.88,18635,21175
CORP10,East Ayrshire,2020-21,Q4,1,710,710,0.81,22255,27635
CORP10,East Ayrshire,2021-22,Q1,1,680,685,0.92,19165,20870
CORP10,East Ayrshire,2021-22,Q2,1,665,665,0.84,16700,19860
CORP10,East Ayrshire,2021-22,Q3,1,680,680,0.9,20140,22375
CORP10,East Ayrshire,2021-22,Q4,1,695,700,0.77,17455,22710
CORP10,East Ayrshire,2022-23,Q1,1,660,665,0.87,19970,23065
CORP10,East Ayrshire,2022-23,Q2,1,700,700,0.87,19670,22645
CORP10,East Ayrshire,2022-23,Q3,1,690,690,0.89,20790,23425
CORP10,East Ayrshire,2022-23,Q4,1,725,730,0.86,20875,24305
CORP10,East Dunbartonshire,2018-19,Q1,0.99,135,135,0.9,14600,16180
CORP10,East Dunbartonshire,2018-19,Q2,0.99,175,175,0.89,14490,16330
CORP10,East Dunbartonshire,2018-19,Q3,1,145,145,0.93,17125,18495
CORP10,East Dunbartonshire,2018-19,Q4,1,135,135,0.86,15445,17895
CORP10,East Dunbartonshire,2019-20,Q1,1,115,115,0.78,15140,19330
CORP10,East Dunbartonshire,2019-20,Q2,0.99,200,200,0.9,16880,18705
CORP10,East Dunbartonshire,2019-20,Q3,1,200,200,0.8,15565,19425
CORP10,East Dunbartonshire,2019-20,Q4,0.99,160,165,0.81,15550,19265
CORP10,East Dunbartonshire,2020-21,Q1,1,205,205,0.83,14930,18060
CORP10,East Dunbartonshire,2020-21,Q2,0.98,155,155,0.86,16970,19665
CORP10,East Dunbartonshire,2020-21,Q3,0.96,210,220,0.88,18635,21175
CORP10,East Dunbartonshire,2020-21,Q4,0.97,265,270,0.81,22255,27635
CORP10,East Dunbartonshire,2021-22,Q1,0.97,180,185,0.92,19165,20870
CORP10,East Dunbartonshire,2021-22,Q2,0.98,160,160,0.84,16700,19860
CORP10,East Dunbartonshire,2021-22,Q3,0.94,205,215,0.9,20140,22375
CORP10,East Dunbartonshire,2021-22,Q4,0.96,200,210,0.77,17455,22710
CORP10,East Dunbartonshire,2022-23,Q1,0.95,160,170,0.87,19970,23065
CORP10,East Dunbartonshire,2022-23,Q2,0.98,165,165,0.87,19670,22645
CORP10,East Dunbartonshire,2022-23,Q3,0.96,195,205,0.89,20790,23425
CORP10,East Dunbartonshire,2022-23,Q4,0.98,175,180,0.86,20875,24305
CORP10,East Lothian,2018-19,Q1,0.95,300,315,0.9,14600,16180
CORP10,East Lothian,2018-19,Q2,0.99,250,255,0.89,14490,16330
CORP10,East Lothian,2018-19,Q3,0.98,310,315,0.93,17125,18495
CORP10,East Lothian,2018-19,Q4,0.98,290,295,0.86,15445,17895
CORP10,East Lothian,2019-20,Q1,0.98,330,335,0.78,15140,19330
CORP10,East Lothian,2019-20,Q2,0.97,330,340,0.9,16880,18705
CORP10,East Lothian,2019-20,Q3,0.97,340,355,0.8,15565,19425
CORP10,East Lothian,2019-20,Q4,0.98,365,375,0.81,15550,19265
CORP10,East Lothian,2020-21,Q1,1,350,355,0.83,14930,18060
CORP10,East Lothian,2020-21,Q2,0.99,385,390,0.86,16970,19665
CORP10,East Lothian,2020-21,Q3,0.99,440,445,0.88,18635,21175
CORP10,East Lothian,2020-21,Q4,0.99,495,495,0.81,22255,27635
CORP10,East Lothian,2021-22,Q1,0.99,410,415,0.92,19165,20870
CORP10,East Lothian,2021-22,Q2,0.98,515,525,0.84,16700,19860
CORP10,East Lothian,2021-22,Q3,0.99,610,615,0.9,20140,22375
CORP10,East Lothian,2021-22,Q4,1,605,605,0.77,17455,22710
CORP10,East Lothian,2022-23,Q1,0.99,535,545,0.87,19970,23065
CORP10,East Lothian,2022-23,Q2,0.98,560,570,0.87,19670,22645
CORP10,East Lothian,2022-23,Q3,0.99,480,485,0.89,20790,23425
CORP10,East Lothian,2022-23,Q4,1,580,580,0.86,20875,24305
CORP10,East Renfrewshire,2018-19,Q1,0.88,90,105,0.9,14600,16180
CORP10,East Renfrewshire,2018-19,Q2,0.85,80,95,0.89,14490,16330
CORP10,East Renfrewshire,2018-19,Q3,0.91,115,125,0.93,17125,18495
CORP10,East Renfrewshire,2018-19,Q4,0.99,110,110,0.86,15445,17895
CORP10,East Renfrewshire,2019-20,Q1,1,130,130,0.78,15140,19330
CORP10,East Renfrewshire,2019-20,Q2,0.99,95,95,0.9,16880,18705
CORP10,East Renfrewshire,2019-20,Q3,1,125,125,0.8,15565,19425
CORP10,East Renfrewshire,2019-20,Q4,0.99,90,90,0.81,15550,19265
CORP10,East Renfrewshire,2020-21,Q1,0.96,85,90,0.83,14930,18060
CORP10,East Renfrewshire,2020-21,Q2,0.98,90,90,0.86,16970,19665
CORP10,East Renfrewshire,2020-21,Q3,1,155,155,0.88,18635,21175
CORP10,East Renfrewshire,2020-21,Q4,1,180,180,0.81,22255,27635
CORP10,East Renfrewshire,2021-22,Q1,1,125,125,0.92,19165,20870
CORP10,East Renfrewshire,2021-22,Q2,0.99,165,170,0.84,16700,19860
CORP10,East Renfrewshire,2021-22,Q3,0.99,160,160,0.9,20140,22375
CORP10,East Renfrewshire,2021-22,Q4,1,150,150,0.77,17455,22710
CORP10,East Renfrewshire,2022-23,Q1,0.99,105,105,0.87,19970,23065
CORP10,East Renfrewshire,2022-23,Q2,1,170,170,0.87,19670,22645
CORP10,East Renfrewshire,2022-23,Q3,0.99,145,145,0.89,20790,23425
CORP10,East Renfrewshire,2022-23,Q4,0.98,175,175,0.86,20875,24305
CORP10,Edinburgh City,2018-19,Q1,0.84,805,960,0.9,14600,16180
CORP10,Edinburgh City,2018-19,Q2,0.86,860,1000,0.89,14490,16330
CORP10,Edinburgh City,2018-19,Q3,0.9,1165,1300,0.93,17125,18495
CORP10,Edinburgh City,2018-19,Q4,0.91,995,1095,0.86,15445,17895
CORP10,Edinburgh City,2019-20,Q1,0.97,1085,1115,0.78,15140,19330
CORP10,Edinburgh City,2019-20,Q2,0.99,1165,1175,0.9,16880,18705
CORP10,Edinburgh City,2019-20,Q3,1,1300,1305,0.8,15565,19425
CORP10,Edinburgh City,2019-20,Q4,1,1115,1120,0.81,15550,19265
CORP10,Edinburgh City,2020-21,Q1,0.94,1585,1685,0.83,14930,18060
CORP10,Edinburgh City,2020-21,Q2,1,1830,1835,0.86,16970,19665
CORP10,Edinburgh City,2020-21,Q3,0.99,1755,1770,0.88,18635,21175
CORP10,Edinburgh City,2020-21,Q4,0.97,2390,2455,0.81,22255,27635
CORP10,Edinburgh City,2021-22,Q1,1,1840,1845,0.92,19165,20870
CORP10,Edinburgh City,2021-22,Q2,0.91,1050,1155,0.84,16700,19860
CORP10,Edinburgh City,2021-22,Q3,0.95,2885,3025,0.9,20140,22375
CORP10,Edinburgh City,2021-22,Q4,0.87,1090,1255,0.77,17455,22710
CORP10,Edinburgh City,2022-23,Q1,0.91,2860,3145,0.87,19970,23065
CORP10,Edinburgh City,2022-23,Q2,1,1865,1875,0.87,19670,22645
CORP10,Edinburgh City,2022-23,Q3,1,2400,2405,0.89,20790,23425
CORP10,Edinburgh City,2022-23,Q4,1,2015,2020,0.86,20875,24305
CORP10,Eilean Siar,2018-19,Q1,1,25,25,0.9,14600,16180
CORP10,Eilean Siar,2018-19,Q2,1,20,20,0.89,14490,16330
CORP10,Eilean Siar,2018-19,Q3,0.96,20,25,0.93,17125,18495
CORP10,Eilean Siar,2018-19,Q4,1,25,25,0.86,15445,17895
CORP10,Eilean Siar,2019-20,Q1,0.96,25,25,0.78,15140,19330
CORP10,Eilean Siar,2019-20,Q2,1,35,35,0.9,16880,18705
CORP10,Eilean Siar,2019-20,Q3,1,20,20,0.8,15565,19425
CORP10,Eilean Siar,2019-20,Q4,0.82,20,20,0.81,15550,19265
CORP10,Eilean Siar,2020-21,Q1,1,15,15,0.83,14930,18060
CORP10,Eilean Siar,2020-21,Q2,1,30,30,0.86,16970,19665
CORP10,Eilean Siar,2020-21,Q3,0.93,25,30,0.88,18635,21175
CORP10,Eilean Siar,2020-21,Q4,0.95,35,35,0.81,22255,27635
CORP10,Eilean Siar,2021-22,Q1,1,20,20,0.92,19165,20870
CORP10,Eilean Siar,2021-22,Q2,0.97,35,35,0.84,16700,19860
CORP10,Eilean Siar,2021-22,Q3,0.98,40,45,0.9,20140,22375
CORP10,Eilean Siar,2021-22,Q4,1,50,50,0.77,17455,22710
CORP10,Eilean Siar,2022-23,Q1,1,40,40,0.87,19970,23065
CORP10,Eilean Siar,2022-23,Q2,1,40,40,0.87,19670,22645
CORP10,Eilean Siar,2022-23,Q3,0.94,35,35,0.89,20790,23425
CORP10,Eilean Siar,2022-23,Q4,0.97,35,35,0.86,20875,24305
CORP10,Falkirk,2018-19,Q1,0.98,555,565,0.9,14600,16180
CORP10,Falkirk,2018-19,Q2,0.96,390,405,0.89,14490,16330
CORP10,Falkirk,2018-19,Q3,0.94,515,545,0.93,17125,18495
CORP10,Falkirk,2018-19,Q4,0.95,570,600,0.86,15445,17895
CORP10,Falkirk,2019-20,Q1,0.91,425,470,0.78,15140,19330
CORP10,Falkirk,2019-20,Q2,0.88,440,500,0.9,16880,18705
CORP10,Falkirk,2019-20,Q3,0.9,385,430,0.8,15565,19425
CORP10,Falkirk,2019-20,Q4,0.92,520,570,0.81,15550,19265
CORP10,Falkirk,2020-21,Q1,0.97,425,435,0.83,14930,18060
CORP10,Falkirk,2020-21,Q2,1,435,440,0.86,16970,19665
CORP10,Falkirk,2020-21,Q3,0.98,510,520,0.88,18635,21175
CORP10,Falkirk,2020-21,Q4,0.91,480,530,0.81,22255,27635
CORP10,Falkirk,2021-22,Q1,0.97,585,605,0.92,19165,20870
CORP10,Falkirk,2021-22,Q2,0.95,410,435,0.84,16700,19860
CORP10,Falkirk,2021-22,Q3,0.9,415,460,0.9,20140,22375
CORP10,Falkirk,2021-22,Q4,0.69,435,630,0.77,17455,22710
CORP10,Falkirk,2022-23,Q1,0.57,280,485,0.87,19970,23065
CORP10,Falkirk,2022-23,Q2,0.64,320,505,0.87,19670,22645
CORP10,Falkirk,2022-23,Q3,0.61,265,435,0.89,20790,23425
CORP10,Falkirk,2022-23,Q4,0.62,340,550,0.86,20875,24305
CORP10,Fife,2018-19,Q1,0.9,800,895,0.9,14600,16180
CORP10,Fife,2018-19,Q2,0.84,765,910,0.89,14490,16330
CORP10,Fife,2018-19,Q3,0.8,865,1075,0.93,17125,18495
CORP10,Fife,2018-19,Q4,0.79,700,880,0.86,15445,17895
CORP10,Fife,2019-20,Q1,0.81,1120,1395,0.78,15140,19330
CORP10,Fife,2019-20,Q2,0.84,1290,1535,0.9,16880,18705
CORP10,Fife,2019-20,Q3,0.84,1130,1355,0.8,15565,19425
CORP10,Fife,2019-20,Q4,0.79,810,1030,0.81,15550,19265
CORP10,Fife,2020-21,Q1,0.89,1725,1940,0.83,14930,18060
CORP10,Fife,2020-21,Q2,0.85,985,1165,0.86,16970,19665
CORP10,Fife,2020-21,Q3,0.79,860,1090,0.88,18635,21175
CORP10,Fife,2020-21,Q4,0.73,1495,2035,0.81,22255,27635
CORP10,Fife,2021-22,Q1,0.93,1165,1255,0.92,19165,20870
CORP10,Fife,2021-22,Q2,0.77,705,915,0.84,16700,19860
CORP10,Fife,2021-22,Q3,0.75,1120,1495,0.9,20140,22375
CORP10,Fife,2021-22,Q4,0.75,1115,1490,0.77,17455,22710
CORP10,Fife,2022-23,Q1,0.75,1195,1605,0.87,19970,23065
CORP10,Fife,2022-23,Q2,0.91,1375,1500,0.87,19670,22645
CORP10,Fife,2022-23,Q3,0.97,1600,1650,0.89,20790,23425
CORP10,Fife,2022-23,Q4,0.65,935,1450,0.86,20875,24305
CORP10,Glasgow City,2018-19,Q1,0.86,2550,2975,0.9,14600,16180
CORP10,Glasgow City,2018-19,Q2,0.86,2785,3245,0.89,14490,16330
CORP10,Glasgow City,2018-19,Q3,0.98,3800,3900,0.93,17125,18495
CORP10,Glasgow City,2018-19,Q4,0.77,2710,3530,0.86,15445,17895
CORP10,Glasgow City,2019-20,Q1,0.41,1820,4410,0.78,15140,19330
CORP10,Glasgow City,2019-20,Q2,0.95,3555,3735,0.9,16880,18705
CORP10,Glasgow City,2019-20,Q3,0.35,1405,4020,0.8,15565,19425
CORP10,Glasgow City,2019-20,Q4,0.49,2320,4710,0.81,15550,19265
CORP10,Glasgow City,2020-21,Q1,0.36,1040,2870,0.83,14930,18060
CORP10,Glasgow City,2020-21,Q2,0.52,2160,4155,0.86,16970,19665
CORP10,Glasgow City,2020-21,Q3,0.72,2800,3870,0.88,18635,21175
CORP10,Glasgow City,2020-21,Q4,0.51,3225,6380,0.81,22255,27635
CORP10,Glasgow City,2021-22,Q1,0.9,3600,4005,0.92,19165,20870
CORP10,Glasgow City,2021-22,Q2,0.68,2905,4295,0.84,16700,19860
CORP10,Glasgow City,2021-22,Q3,0.92,4150,4500,0.9,20140,22375
CORP10,Glasgow City,2021-22,Q4,0.54,2810,5160,0.77,17455,22710
CORP10,Glasgow City,2022-23,Q1,0.99,4585,4645,0.87,19970,23065
CORP10,Glasgow City,2022-23,Q2,0.86,3675,4290,0.87,19670,22645
CORP10,Glasgow City,2022-23,Q3,0.88,4550,5185,0.89,20790,23425
CORP10,Glasgow City,2022-23,Q4,0.86,5060,5900,0.86,20875,24305
CORP10,Highland,2018-19,Q1,0.99,480,485,0.9,14600,16180
CORP10,Highland,2018-19,Q2,1,440,440,0.89,14490,16330
CORP10,Highland,2018-19,Q3,0.99,475,480,0.93,17125,18495
CORP10,Highland,2018-19,Q4,0.99,520,530,0.86,15445,17895
CORP10,Highland,2019-20,Q1,0.99,450,460,0.78,15140,19330
CORP10,Highland,2019-20,Q2,1,505,510,0.9,16880,18705
CORP10,Highland,2019-20,Q3,0.99,545,545,0.8,15565,19425
CORP10,Highland,2019-20,Q4,0.99,510,515,0.81,15550,19265
CORP10,Highland,2020-21,Q1,0.99,335,340,0.83,14930,18060
CORP10,Highland,2020-21,Q2,0.99,505,510,0.86,16970,19665
CORP10,Highland,2020-21,Q3,0.99,595,595,0.88,18635,21175
CORP10,Highland,2020-21,Q4,0.99,625,630,0.81,22255,27635
CORP10,Highland,2021-22,Q1,0.99,570,570,0.92,19165,20870
CORP10,Highland,2021-22,Q2,0.97,645,670,0.84,16700,19860
CORP10,Highland,2021-22,Q3,0.97,635,655,0.9,20140,22375
CORP10,Highland,2021-22,Q4,0.98,665,680,0.77,17455,22710
CORP10,Highland,2022-23,Q1,0.99,580,585,0.87,19970,23065
CORP10,Highland,2022-23,Q2,0.98,580,590,0.87,19670,22645
CORP10,Highland,2022-23,Q3,0.97,580,595,0.89,20790,23425
CORP10,Highland,2022-23,Q4,0.97,650,670,0.86,20875,24305
CORP10,Inverclyde,2018-19,Q1,1,360,365,0.9,14600,16180
CORP10,Inverclyde,2018-19,Q2,1,395,395,0.89,14490,16330
CORP10,Inverclyde,2018-19,Q3,1,425,425,0.93,17125,18495
CORP10,Inverclyde,2018-19,Q4,0.99,355,360,0.86,15445,17895
CORP10,Inverclyde,2019-20,Q1,1,395,395,0.78,15140,19330
CORP10,Inverclyde,2019-20,Q2,1,425,425,0.9,16880,18705
CORP10,Inverclyde,2019-20,Q3,0.99,370,375,0.8,15565,19425
CORP10,Inverclyde,2019-20,Q4,1,335,335,0.81,15550,19265
CORP10,Inverclyde,2020-21,Q1,1,270,270,0.83,14930,18060
CORP10,Inverclyde,2020-21,Q2,1,395,395,0.86,16970,19665
CORP10,Inverclyde,2020-21,Q3,1,375,375,0.88,18635,21175
CORP10,Inverclyde,2020-21,Q4,1,390,390,0.81,22255,27635
CORP10,Inverclyde,2021-22,Q1,1,370,370,0.92,19165,20870
CORP10,Inverclyde,2021-22,Q2,0.99,345,350,0.84,16700,19860
CORP10,Inverclyde,2021-22,Q3,1,365,365,0.9,20140,22375
CORP10,Inverclyde,2021-22,Q4,0.99,255,255,0.77,17455,22710
CORP10,Inverclyde,2022-23,Q1,0.99,300,305,0.87,19970,23065
CORP10,Inverclyde,2022-23,Q2,0.99,295,295,0.87,19670,22645
CORP10,Inverclyde,2022-23,Q3,1,345,345,0.89,20790,23425
CORP10,Inverclyde,2022-23,Q4,1,295,295,0.86,20875,24305
CORP10,Midlothian,2018-19,Q1,1,200,200,0.9,14600,16180
CORP10,Midlothian,2018-19,Q2,1,240,240,0.89,14490,16330
CORP10,Midlothian,2018-19,Q3,1,230,230,0.93,17125,18495
CORP10,Midlothian,2018-19,Q4,1,275,275,0.86,15445,17895
CORP10,Midlothian,2019-20,Q1,1,260,260,0.78,15140,19330
CORP10,Midlothian,2019-20,Q2,1,225,225,0.9,16880,18705
CORP10,Midlothian,2019-20,Q3,1,200,200,0.8,15565,19425
CORP10,Midlothian,2019-20,Q4,1,235,235,0.81,15550,19265
CORP10,Midlothian,2020-21,Q1,1,175,175,0.83,14930,18060
CORP10,Midlothian,2020-21,Q2,1,230,230,0.86,16970,19665
CORP10,Midlothian,2020-21,Q3,1,365,365,0.88,18635,21175
CORP10,Midlothian,2020-21,Q4,0.99,390,390,0.81,22255,27635
CORP10,Midlothian,2021-22,Q1,0.99,330,335,0.92,19165,20870
CORP10,Midlothian,2021-22,Q2,1,325,325,0.84,16700,19860
CORP10,Midlothian,2021-22,Q3,1,305,310,0.9,20140,22375
CORP10,Midlothian,2021-22,Q4,1,90,90,0.77,17455,22710
CORP10,Midlothian,2022-23,Q1,0.99,310,315,0.87,19970,23065
CORP10,Midlothian,2022-23,Q4,0.99,390,390,0.86,20875,24305
CORP10,Moray,2018-19,Q1,0.94,155,165,0.9,14600,16180
CORP10,Moray,2018-19,Q2,0.97,135,140,0.89,14490,16330
CORP10,Moray,2018-19,Q3,0.91,145,160,0.93,17125,18495
CORP10,Moray,2018-19,Q4,0.87,170,195,0.86,15445,17895
CORP10,Moray,2019-20,Q1,0.76,120,160,0.78,15140,19330
CORP10,Moray,2019-20,Q2,0.83,170,205,0.9,16880,18705
CORP10,Moray,2019-20,Q3,0.87,110,125,0.8,15565,19425
CORP10,Moray,2019-20,Q4,0.95,160,170,0.81,15550,19265
CORP10,Moray,2020-21,Q1,0.9,120,135,0.83,14930,18060
CORP10,Moray,2020-21,Q2,0.96,155,160,0.86,16970,19665
CORP10,Moray,2020-21,Q3,0.83,185,225,0.88,18635,21175
CORP10,Moray,2020-21,Q4,0.95,235,245,0.81,22255,27635
CORP10,Moray,2021-22,Q1,0.98,190,195,0.92,19165,20870
CORP10,Moray,2021-22,Q2,0.98,200,205,0.84,16700,19860
CORP10,Moray,2021-22,Q3,0.99,210,210,0.9,20140,22375
CORP10,Moray,2021-22,Q4,0.85,150,175,0.77,17455,22710
CORP10,Moray,2022-23,Q1,0.84,195,235,0.87,19970,23065
CORP10,Moray,2022-23,Q2,0.82,160,195,0.87,19670,22645
CORP10,Moray,2022-23,Q3,0.94,230,245,0.89,20790,23425
CORP10,Moray,2022-23,Q4,0.97,250,260,0.86,20875,24305
CORP10,North Ayrshire,2018-19,Q1,0.99,730,740,0.9,14600,16180
CORP10,North Ayrshire,2018-19,Q2,0.99,575,585,0.89,14490,16330
CORP10,North Ayrshire,2018-19,Q3,1,740,745,0.93,17125,18495
CORP10,North Ayrshire,2018-19,Q4,0.99,710,715,0.86,15445,17895
CORP10,North Ayrshire,2019-20,Q1,1,625,625,0.78,15140,19330
CORP10,North Ayrshire,2019-20,Q2,0.99,655,660,0.9,16880,18705
CORP10,North Ayrshire,2019-20,Q3,0.99,770,775,0.8,15565,19425
CORP10,North Ayrshire,2019-20,Q4,1,740,745,0.81,15550,19265
CORP10,North Ayrshire,2020-21,Q1,0.99,470,475,0.83,14930,18060
CORP10,North Ayrshire,2020-21,Q2,1,645,650,0.86,16970,19665
CORP10,North Ayrshire,2020-21,Q3,0.99,645,650,0.88,18635,21175
CORP10,North Ayrshire,2020-21,Q4,0.99,675,680,0.81,22255,27635
CORP10,North Ayrshire,2021-22,Q1,1,500,500,0.92,19165,20870
CORP10,North Ayrshire,2021-22,Q2,0.99,740,745,0.84,16700,19860
CORP10,North Ayrshire,2021-22,Q3,0.99,615,615,0.9,20140,22375
CORP10,North Ayrshire,2021-22,Q4,1,745,750,0.77,17455,22710
CORP10,North Ayrshire,2022-23,Q1,0.99,710,720,0.87,19970,23065
CORP10,North Ayrshire,2022-23,Q2,1,720,725,0.87,19670,22645
CORP10,North Ayrshire,2022-23,Q3,0.99,750,755,0.89,20790,23425
CORP10,North Ayrshire,2022-23,Q4,1,975,980,0.86,20875,24305
CORP10,North Lanarkshire,2018-19,Q1,0.9,890,985,0.9,14600,16180
CORP10,North Lanarkshire,2018-19,Q2,0.9,690,770,0.89,14490,16330
CORP10,North Lanarkshire,2018-19,Q3,0.99,1260,1280,0.93,17125,18495
CORP10,North Lanarkshire,2018-19,Q4,1,1050,1055,0.86,15445,17895
CORP10,North Lanarkshire,2019-20,Q1,0.99,915,925,0.78,15140,19330
CORP10,North Lanarkshire,2019-20,Q2,0.99,860,870,0.9,16880,18705
CORP10,North Lanarkshire,2019-20,Q3,0.99,1020,1035,0.8,15565,19425
CORP10,North Lanarkshire,2019-20,Q4,0.99,750,755,0.81,15550,19265
CORP10,North Lanarkshire,2020-21,Q1,0.93,665,715,0.83,14930,18060
CORP10,North Lanarkshire,2020-21,Q2,0.91,685,755,0.86,16970,19665
CORP10,North Lanarkshire,2020-21,Q3,0.82,845,1020,0.88,18635,21175
CORP10,North Lanarkshire,2020-21,Q4,0.88,1665,1890,0.81,22255,27635
CORP10,North Lanarkshire,2021-22,Q1,0.91,1165,1275,0.92,19165,20870
CORP10,North Lanarkshire,2021-22,Q2,0.94,1300,1390,0.84,16700,19860
CORP10,North Lanarkshire,2021-22,Q3,0.91,1195,1305,0.9,20140,22375
CORP10,North Lanarkshire,2021-22,Q4,0.83,900,1080,0.77,17455,22710
CORP10,North Lanarkshire,2022-23,Q1,0.88,1065,1210,0.87,19970,23065
CORP10,North Lanarkshire,2022-23,Q2,0.87,1830,2095,0.87,19670,22645
CORP10,North Lanarkshire,2022-23,Q3,0.91,910,995,0.89,20790,23425
CORP10,North Lanarkshire,2022-23,Q4,0,0,0,0.86,20875,24305
CORP10,Orkney Islands,2018-19,Q1,0.75,5,10,0.9,14600,16180
CORP10,Orkney Islands,2018-19,Q2,0.61,10,20,0.89,14490,16330
CORP10,Orkney Islands,2018-19,Q3,0.77,25,30,0.93,17125,18495
CORP10,Orkney Islands,2018-19,Q4,0.68,15,20,0.86,15445,17895
CORP10,Orkney Islands,2019-20,Q1,0.74,15,20,0.78,15140,19330
CORP10,Orkney Islands,2019-20,Q2,0.94,15,15,0.9,16880,18705
CORP10,Orkney Islands,2019-20,Q3,1,15,15,0.8,15565,19425
CORP10,Orkney Islands,2019-20,Q4,0.93,25,30,0.81,15550,19265
CORP10,Orkney Islands,2020-21,Q1,0.96,25,30,0.83,14930,18060
CORP10,Orkney Islands,2020-21,Q2,0.96,25,25,0.86,16970,19665
CORP10,Orkney Islands,2020-21,Q3,0.98,40,45,0.88,18635,21175
CORP10,Orkney Islands,2020-21,Q4,1,30,30,0.81,22255,27635
CORP10,Orkney Islands,2021-22,Q1,0.97,30,30,0.92,19165,20870
CORP10,Orkney Islands,2021-22,Q2,1,25,25,0.84,16700,19860
CORP10,Orkney Islands,2021-22,Q3,1,35,35,0.9,20140,22375
CORP10,Orkney Islands,2021-22,Q4,1,25,25,0.77,17455,22710
CORP10,Orkney Islands,2022-23,Q1,0.95,35,35,0.87,19970,23065
CORP10,Orkney Islands,2022-23,Q2,1,35,35,0.87,19670,22645
CORP10,Orkney Islands,2022-23,Q3,1,25,25,0.89,20790,23425
CORP10,Orkney Islands,2022-23,Q4,1,45,45,0.86,20875,24305
CORP10,Perth & Kinross,2018-19,Q1,0.95,280,295,0.9,14600,16180
CORP10,Perth & Kinross,2018-19,Q2,0.92,360,390,0.89,14490,16330
CORP10,Perth & Kinross,2018-19,Q3,0.93,300,320,0.93,17125,18495
CORP10,Perth & Kinross,2018-19,Q4,0.95,340,360,0.86,15445,17895
CORP10,Perth & Kinross,2019-20,Q1,0.97,300,305,0.78,15140,19330
CORP10,Perth & Kinross,2019-20,Q2,0.94,330,350,0.9,16880,18705
CORP10,Perth & Kinross,2019-20,Q3,0.93,345,370,0.8,15565,19425
CORP10,Perth & Kinross,2019-20,Q4,0.94,330,355,0.81,15550,19265
CORP10,Perth & Kinross,2020-21,Q1,0.95,255,270,0.83,14930,18060
CORP10,Perth & Kinross,2020-21,Q2,0.96,400,420,0.86,16970,19665
CORP10,Perth & Kinross,2020-21,Q3,0.94,320,345,0.88,18635,21175
CORP10,Perth & Kinross,2020-21,Q4,0.98,415,425,0.81,22255,27635
CORP10,Perth & Kinross,2021-22,Q1,0.93,365,395,0.92,19165,20870
CORP10,Perth & Kinross,2021-22,Q2,0.92,355,385,0.84,16700,19860
CORP10,Perth & Kinross,2021-22,Q3,0.95,335,350,0.9,20140,22375
CORP10,Perth & Kinross,2021-22,Q4,0.9,285,315,0.77,17455,22710
CORP10,Perth & Kinross,2022-23,Q1,0.96,365,380,0.87,19970,23065
CORP10,Perth & Kinross,2022-23,Q2,0.96,290,300,0.87,19670,22645
CORP10,Perth & Kinross,2022-23,Q3,0.94,265,280,0.89,20790,23425
CORP10,Perth & Kinross,2022-23,Q4,0.96,415,435,0.86,20875,24305
CORP10,Renfrewshire,2018-19,Q1,0.78,355,460,0.9,14600,16180
CORP10,Renfrewshire,2018-19,Q2,0.83,435,520,0.89,14490,16330
CORP10,Renfrewshire,2018-19,Q3,0.88,485,555,0.93,17125,18495
CORP10,Renfrewshire,2018-19,Q4,0.9,450,505,0.86,15445,17895
CORP10,Renfrewshire,2019-20,Q1,0.89,505,570,0.78,15140,19330
CORP10,Renfrewshire,2019-20,Q2,0.91,525,575,0.9,16880,18705
CORP10,Renfrewshire,2019-20,Q3,0.94,510,545,0.8,15565,19425
CORP10,Renfrewshire,2019-20,Q4,0.9,495,545,0.81,15550,19265
CORP10,Renfrewshire,2020-21,Q1,0.94,585,620,0.83,14930,18060
CORP10,Renfrewshire,2020-21,Q2,0.97,685,710,0.86,16970,19665
CORP10,Renfrewshire,2020-21,Q3,0.94,710,760,0.88,18635,21175
CORP10,Renfrewshire,2020-21,Q4,0.9,790,880,0.81,22255,27635
CORP10,Renfrewshire,2021-22,Q1,0.88,640,730,0.92,19165,20870
CORP10,Renfrewshire,2021-22,Q2,0.94,730,770,0.84,16700,19860
CORP10,Renfrewshire,2021-22,Q3,0.96,880,910,0.9,20140,22375
CORP10,Renfrewshire,2021-22,Q4,0.89,725,815,0.77,17455,22710
CORP10,Renfrewshire,2022-23,Q1,0.94,720,770,0.87,19970,23065
CORP10,Renfrewshire,2022-23,Q2,0.94,770,820,0.87,19670,22645
CORP10,Renfrewshire,2022-23,Q3,0.91,670,735,0.89,20790,23425
CORP10,Renfrewshire,2022-23,Q4,0.84,730,865,0.86,20875,24305
CORP10,Scottish Borders,2018-19,Q1,0.97,195,200,0.9,14600,16180
CORP10,Scottish Borders,2018-19,Q2,0.96,230,240,0.89,14490,16330
CORP10,Scottish Borders,2018-19,Q3,0.96,170,180,0.93,17125,18495
CORP10,Scottish Borders,2018-19,Q4,0.95,175,185,0.86,15445,17895
CORP10,Scottish Borders,2019-20,Q1,0.96,270,280,0.78,15140,19330
CORP10,Scottish Borders,2019-20,Q2,0.96,180,190,0.9,16880,18705
CORP10,Scottish Borders,2019-20,Q3,0.95,175,185,0.8,15565,19425
CORP10,Scottish Borders,2019-20,Q4,0.97,250,260,0.81,15550,19265
CORP10,Scottish Borders,2020-21,Q1,0.99,180,180,0.83,14930,18060
CORP10,Scottish Borders,2020-21,Q2,0.96,170,180,0.86,16970,19665
CORP10,Scottish Borders,2020-21,Q3,0.88,195,220,0.88,18635,21175
CORP10,Scottish Borders,2020-21,Q4,0.92,275,300,0.81,22255,27635
CORP10,Scottish Borders,2021-22,Q1,0.94,190,200,0.92,19165,20870
CORP10,Scottish Borders,2021-22,Q2,0.91,130,140,0.84,16700,19860
CORP10,Scottish Borders,2021-22,Q3,0.88,175,195,0.9,20140,22375
CORP10,Scottish Borders,2021-22,Q4,0.82,190,235,0.77,17455,22710
CORP10,Scottish Borders,2022-23,Q1,0.86,165,190,0.87,19970,23065
CORP10,Scottish Borders,2022-23,Q2,0.9,205,225,0.87,19670,22645
CORP10,Scottish Borders,2022-23,Q3,0.94,275,295,0.89,20790,23425
CORP10,Scottish Borders,2022-23,Q4,0.92,255,275,0.86,20875,24305
CORP10,Shetland Islands,2018-19,Q1,0.86,25,30,0.9,14600,16180
CORP10,Shetland Islands,2018-19,Q2,0.88,20,25,0.89,14490,16330
CORP10,Shetland Islands,2018-19,Q3,0.58,20,35,0.93,17125,18495
CORP10,Shetland Islands,2018-19,Q4,0.71,20,30,0.86,15445,17895
CORP10,Shetland Islands,2019-20,Q1,0.91,20,25,0.78,15140,19330
CORP10,Shetland Islands,2019-20,Q2,0.69,20,30,0.9,16880,18705
CORP10,Shetland Islands,2019-20,Q3,0.77,25,30,0.8,15565,19425
CORP10,Shetland Islands,2019-20,Q4,0.9,25,30,0.81,15550,19265
CORP10,Shetland Islands,2020-21,Q1,0.79,10,15,0.83,14930,18060
CORP10,Shetland Islands,2020-21,Q2,0.8,10,15,0.86,16970,19665
CORP10,Shetland Islands,2020-21,Q3,0.81,20,25,0.88,18635,21175
CORP10,Shetland Islands,2020-21,Q4,0.71,25,40,0.81,22255,27635
CORP10,Shetland Islands,2021-22,Q1,0.77,15,20,0.92,19165,20870
CORP10,Shetland Islands,2021-22,Q2,0.76,25,35,0.84,16700,19860
CORP10,Shetland Islands,2021-22,Q3,0.74,25,35,0.9,20140,22375
CORP10,Shetland Islands,2021-22,Q4,0.68,20,30,0.77,17455,22710
CORP10,Shetland Islands,2022-23,Q1,0.58,20,30,0.87,19970,23065
CORP10,Shetland Islands,2022-23,Q2,0.74,25,35,0.87,19670,22645
CORP10,Shetland Islands,2022-23,Q3,0.69,20,30,0.89,20790,23425
CORP10,Shetland Islands,2022-23,Q4,0.67,10,20,0.86,20875,24305
CORP10,South Ayrshire,2018-19,Q1,0.88,230,265,0.9,14600,16180
CORP10,South Ayrshire,2018-19,Q2,0.92,270,290,0.89,14490,16330
CORP10,South Ayrshire,2018-19,Q3,0.92,300,325,0.93,17125,18495
CORP10,South Ayrshire,2018-19,Q4,0.82,250,305,0.86,15445,17895
CORP10,South Ayrshire,2019-20,Q1,0.96,305,320,0.78,15140,19330
CORP10,South Ayrshire,2019-20,Q2,0.89,225,255,0.9,16880,18705
CORP10,South Ayrshire,2019-20,Q3,0.89,330,370,0.8,15565,19425
CORP10,South Ayrshire,2019-20,Q4,0.96,285,295,0.81,15550,19265
CORP10,South Ayrshire,2020-21,Q1,0.9,210,235,0.83,14930,18060
CORP10,South Ayrshire,2020-21,Q2,0.98,255,260,0.86,16970,19665
CORP10,South Ayrshire,2020-21,Q3,0.98,320,325,0.88,18635,21175
CORP10,South Ayrshire,2020-21,Q4,0.95,315,330,0.81,22255,27635
CORP10,South Ayrshire,2021-22,Q1,0.98,215,220,0.92,19165,20870
CORP10,South Ayrshire,2021-22,Q2,0.88,215,245,0.84,16700,19860
CORP10,South Ayrshire,2021-22,Q3,0.84,210,255,0.9,20140,22375
CORP10,South Ayrshire,2021-22,Q4,0.87,310,360,0.77,17455,22710
CORP10,South Ayrshire,2022-23,Q1,0.85,220,260,0.87,19970,23065
CORP10,South Ayrshire,2022-23,Q2,0.88,255,290,0.87,19670,22645
CORP10,South Ayrshire,2022-23,Q3,0.84,315,375,0.89,20790,23425
CORP10,South Ayrshire,2022-23,Q4,0.91,450,490,0.86,20875,24305
CORP10,South Lanarkshire,2018-19,Q1,0.98,1100,1120,0.9,14600,16180
CORP10,South Lanarkshire,2018-19,Q2,0.98,1160,1190,0.89,14490,16330
CORP10,South Lanarkshire,2018-19,Q3,0.94,1210,1280,0.93,17125,18495
CORP10,South Lanarkshire,2018-19,Q4,0.95,1310,1380,0.86,15445,17895
CORP10,South Lanarkshire,2019-20,Q1,0.96,1385,1445,0.78,15140,19330
CORP10,South Lanarkshire,2019-20,Q2,0.95,1160,1215,0.9,16880,18705
CORP10,South Lanarkshire,2019-20,Q3,0.98,1415,1450,0.8,15565,19425
CORP10,South Lanarkshire,2019-20,Q4,0.96,1275,1325,0.81,15550,19265
CORP10,South Lanarkshire,2020-21,Q1,0.97,1225,1265,0.83,14930,18060
CORP10,South Lanarkshire,2020-21,Q2,0.99,1380,1390,0.86,16970,19665
CORP10,South Lanarkshire,2020-21,Q3,0.99,1495,1510,0.88,18635,21175
CORP10,South Lanarkshire,2020-21,Q4,0.98,2015,2050,0.81,22255,27635
CORP10,South Lanarkshire,2021-22,Q1,0.99,1520,1530,0.92,19165,20870
CORP10,South Lanarkshire,2021-22,Q2,0.98,1490,1520,0.84,16700,19860
CORP10,South Lanarkshire,2021-22,Q3,0.97,1350,1395,0.9,20140,22375
CORP10,South Lanarkshire,2021-22,Q4,0.96,1710,1785,0.77,17455,22710
CORP10,South Lanarkshire,2022-23,Q1,0.95,1430,1500,0.87,19970,23065
CORP10,South Lanarkshire,2022-23,Q2,0.99,1355,1375,0.87,19670,22645
CORP10,South Lanarkshire,2022-23,Q3,0.99,1425,1445,0.89,20790,23425
CORP10,South Lanarkshire,2022-23,Q4,0.98,1735,1775,0.86,20875,24305
CORP10,Stirling,2018-19,Q1,0.67,180,275,0.9,14600,16180
CORP10,Stirling,2018-19,Q2,0.9,255,285,0.89,14490,16330
CORP10,Stirling,2018-19,Q3,0.89,235,265,0.93,17125,18495
CORP10,Stirling,2018-19,Q4,0.77,230,300,0.86,15445,17895
CORP10,Stirling,2019-20,Q1,0.83,250,300,0.78,15140,19330
CORP10,Stirling,2019-20,Q2,0.98,240,245,0.9,16880,18705
CORP10,Stirling,2019-20,Q3,0.96,280,290,0.8,15565,19425
CORP10,Stirling,2019-20,Q4,0.83,245,290,0.81,15550,19265
CORP10,Stirling,2020-21,Q1,0.92,275,300,0.83,14930,18060
CORP10,Stirling,2020-21,Q2,0.93,320,340,0.86,16970,19665
CORP10,Stirling,2020-21,Q3,0.93,310,330,0.88,18635,21175
CORP10,Stirling,2020-21,Q4,0.79,310,390,0.81,22255,27635
CORP10,Stirling,2021-22,Q1,0.73,270,370,0.92,19165,20870
CORP10,Stirling,2021-22,Q2,0.89,280,315,0.84,16700,19860
CORP10,Stirling,2021-22,Q3,0.81,310,385,0.9,20140,22375
CORP10,Stirling,2021-22,Q4,0.68,250,370,0.77,17455,22710
CORP10,Stirling,2022-23,Q1,0.48,165,350,0.87,19970,23065
CORP10,Stirling,2022-23,Q2,0.64,225,350,0.87,19670,22645
CORP10,Stirling,2022-23,Q3,0.31,125,400,0.89,20790,23425
CORP10,Stirling,2022-23,Q4,0.43,170,395,0.86,20875,24305
CORP10,West Dunbartonshire,2018-19,Q1,0.88,465,530,0.9,14600,16180
CORP10,West Dunbartonshire,2018-19,Q2,0.68,345,505,0.89,14490,16330
CORP10,West Dunbartonshire,2018-19,Q3,0.89,510,575,0.93,17125,18495
CORP10,West Dunbartonshire,2018-19,Q4,0.92,595,650,0.86,15445,17895
CORP10,West Dunbartonshire,2019-20,Q1,0.97,505,520,0.78,15140,19330
CORP10,West Dunbartonshire,2019-20,Q2,0.89,550,615,0.9,16880,18705
CORP10,West Dunbartonshire,2019-20,Q3,0.8,500,625,0.8,15565,19425
CORP10,West Dunbartonshire,2019-20,Q4,0.86,495,580,0.81,15550,19265
CORP10,West Dunbartonshire,2020-21,Q1,0.89,620,700,0.83,14930,18060
CORP10,West Dunbartonshire,2020-21,Q2,0.96,745,780,0.86,16970,19665
CORP10,West Dunbartonshire,2020-21,Q3,0.93,865,935,0.88,18635,21175
CORP10,West Dunbartonshire,2020-21,Q4,0.89,755,845,0.81,22255,27635
CORP10,West Dunbartonshire,2021-22,Q1,0.83,535,645,0.92,19165,20870
CORP10,West Dunbartonshire,2021-22,Q2,0.67,455,670,0.84,16700,19860
CORP10,West Dunbartonshire,2021-22,Q3,0.77,410,540,0.9,20140,22375
CORP10,West Dunbartonshire,2021-22,Q4,0.76,440,580,0.77,17455,22710
CORP10,West Dunbartonshire,2022-23,Q1,0.78,420,535,0.87,19970,23065
CORP10,West Dunbartonshire,2022-23,Q2,0.76,535,705,0.87,19670,22645
CORP10,West Dunbartonshire,2022-23,Q3,0.79,520,655,0.89,20790,23425
CORP10,West Dunbartonshire,2022-23,Q4,0.78,505,645,0.86,20875,24305
CORP10,West Lothian,2018-19,Q1,0.98,540,555,0.9,14600,16180
CORP10,West Lothian,2018-19,Q2,0.73,400,550,0.89,14490,16330
CORP10,West Lothian,2018-19,Q3,0.69,480,690,0.93,17125,18495
CORP10,West Lothian,2018-19,Q4,0.64,460,720,0.86,15445,17895
CORP10,West Lothian,2019-20,Q1,0.65,470,725,0.78,15140,19330
CORP10,West Lothian,2019-20,Q2,0.54,390,720,0.9,16880,18705
CORP10,West Lothian,2019-20,Q3,0.85,625,735,0.8,15565,19425
CORP10,West Lothian,2019-20,Q4,0.77,535,695,0.81,15550,19265
CORP10,West Lothian,2020-21,Q1,0.89,495,555,0.83,14930,18060
CORP10,West Lothian,2020-21,Q2,0.98,610,625,0.86,16970,19665
CORP10,West Lothian,2020-21,Q3,0.95,715,755,0.88,18635,21175
CORP10,West Lothian,2020-21,Q4,0.89,730,815,0.81,22255,27635
CORP10,West Lothian,2021-22,Q1,0.97,640,655,0.92,19165,20870
CORP10,West Lothian,2021-22,Q2,0.76,460,610,0.84,16700,19860
CORP10,West Lothian,2021-22,Q3,0.68,340,495,0.9,20140,22375
CORP10,West Lothian,2021-22,Q4,0.69,685,990,0.77,17455,22710
CORP10,West Lothian,2022-23,Q1,0.57,480,835,0.87,19970,23065
CORP10,West Lothian,2022-23,Q2,0.79,650,830,0.87,19670,22645
CORP10,West Lothian,2022-23,Q3,0.84,705,840,0.89,20790,23425
CORP10,West Lothian,2022-23,Q4,0.66,565,850,0.86,20875,24305
Total,,,,0.920313725,1503040,1642065,0.89875,1503095,1642020
,,,,,,,,,
