DataFileName,Code,LocalAuthority,LGBF Year,LA_IndicatorReal,LA_Numerator_real,LA_Den_Real,Scotland_Indicator_Real,Scotland_Num_Real,Scotland_Den_Real
Real,SW08,Aberdeen City,2013-14,1687.155338,27229,16139,921.7915383,391389,424596
Real,SW08,Aberdeenshire,2013-14,863.3120144,16333,18919,921.7915383,391389,424596
Real,SW08,Angus,2013-14,791.2087912,8928,11284,921.7915383,391389,424596
Real,SW08,Argyll & Bute,2013-14,622.1033868,5584,8976,921.7915383,391389,424596
Real,SW08,Clackmannanshire,2013-14,503.1480975,1838,3653,921.7915383,391389,424596
Real,SW08,Dumfries & Galloway,2013-14,373.0828221,5838,15648,921.7915383,391389,424596
Real,SW08,Dundee City,2013-14,736.5826059,9113,12372,921.7915383,391389,424596
Real,SW08,East Ayrshire,2013-14,588.1034834,5774,9818,921.7915383,391389,424596
Real,SW08,East Dunbartonshire,2013-14,291.6545507,3009,10317,921.7915383,391389,424596
Real,SW08,East Lothian,2013-14,1530.178881,13259,8665,921.7915383,391389,424596
Real,SW08,East Renfrewshire,2013-14,344.1251364,2838,8247,921.7915383,391389,424596
Real,SW08,Edinburgh City,2013-14,1591.911765,55857,35088,921.7915383,391389,424596
Real,SW08,Eilean Siar,2013-14,1606.80463,4581,2851,921.7915383,391389,424596
Real,SW08,Falkirk,2013-14,805.0511023,9531,11839,921.7915383,391389,424596
Real,SW08,Fife,2013-14,1024.93084,30751,30003,921.7915383,391389,424596
Real,SW08,Glasgow City,2013-14,1090.103249,43288,39710,921.7915383,391389,424596
Real,SW08,Highland,2013-14,1104.809122,22284,20170,921.7915383,391389,424596
Real,SW08,Inverclyde,2013-14,417.3361522,2961,7095,921.7915383,391389,424596
Real,SW08,Midlothian,2013-14,917.1218979,5876,6407,921.7915383,391389,424596
Real,SW08,Moray,2013-14,803.2108976,6604,8222,921.7915383,391389,424596
Real,SW08,North Ayrshire,2013-14,576.0147912,6854,11899,921.7915383,391389,424596
Real,SW08,North Lanarkshire,2013-14,742.4873681,16752,22562,921.7915383,391389,424596
Real,SW08,Orkney Islands,2013-14,298.6401674,571,1912,921.7915383,391389,424596
Real,SW08,Perth & Kinross,2013-14,925.6311745,13492,14576,921.7915383,391389,424596
Real,SW08,Renfrewshire,2013-14,410.6179412,5708,13901,921.7915383,391389,424596
Real,SW08,Scottish Borders,2013-14,604.0429116,6813,11279,921.7915383,391389,424596
Real,SW08,Shetland Islands,2013-14,806.9970845,1384,1715,921.7915383,391389,424596
Real,SW08,South Ayrshire,2013-14,629.4619983,7371,11710,921.7915383,391389,424596
Real,SW08,South Lanarkshire,2013-14,1368.756981,34312,25068,921.7915383,391389,424596
Real,SW08,Stirling,2013-14,837.0218579,6127,7320,921.7915383,391389,424596
Real,SW08,West Dunbartonshire,2013-14,705.264693,4836,6857,921.7915383,391389,424596
Real,SW08,West Lothian,2013-14,548.7757856,5693,10374,921.7915383,391389,424596
Real,SW08,Aberdeen City,2014-15,2344.411437,37881,16158,1043.673454,452159,433238
Real,SW08,Aberdeenshire,2014-15,1218.067573,23650,19416,1043.673454,452159,433238
Real,SW08,Angus,2014-15,600.8355819,6903,11489,1043.673454,452159,433238
Real,SW08,Argyll & Bute,2014-15,783.1299041,7186,9176,1043.673454,452159,433238
Real,SW08,Clackmannanshire,2014-15,545.2368281,2049,3758,1043.673454,452159,433238
Real,SW08,Dumfries & Galloway,2014-15,521.4793383,8291,15899,1043.673454,452159,433238
Real,SW08,Dundee City,2014-15,709.1344236,8889,12535,1043.673454,452159,433238
Real,SW08,East Ayrshire,2014-15,711.6963749,7107,9986,1043.673454,452159,433238
Real,SW08,East Dunbartonshire,2014-15,489.105022,5230,10693,1043.673454,452159,433238
Real,SW08,East Lothian,2014-15,1803.591725,15868,8798,1043.673454,452159,433238
Real,SW08,East Renfrewshire,2014-15,371.7736206,3140,8446,1043.673454,452159,433238
Real,SW08,Edinburgh City,2014-15,1860.807722,65934,35433,1043.673454,452159,433238
Real,SW08,Eilean Siar,2014-15,2569.147129,7561,2943,1043.673454,452159,433238
Real,SW08,Falkirk,2014-15,942.6444117,11521,12222,1043.673454,452159,433238
Real,SW08,Fife,2014-15,1047.875621,32284,30809,1043.673454,452159,433238
Real,SW08,Glasgow City,2014-15,1031.23347,40941,39701,1043.673454,452159,433238
Real,SW08,Highland,2014-15,1454.87799,30228,20777,1043.673454,452159,433238
Real,SW08,Inverclyde,2014-15,577.1199336,4172,7229,1043.673454,452159,433238
Real,SW08,Midlothian,2014-15,1059.244593,6955,6566,1043.673454,452159,433238
Real,SW08,Moray,2014-15,794.7898165,6712,8445,1043.673454,452159,433238
Real,SW08,North Ayrshire,2014-15,663.1898817,8075,12176,1043.673454,452159,433238
Real,SW08,North Lanarkshire,2014-15,807.7766786,18780,23249,1043.673454,452159,433238
Real,SW08,Orkney Islands,2014-15,309.5599393,612,1977,1043.673454,452159,433238
Real,SW08,Perth & Kinross,2014-15,857.1047721,12860,15004,1043.673454,452159,433238
Real,SW08,Renfrewshire,2014-15,383.3333333,5474,14280,1043.673454,452159,433238
Real,SW08,Scottish Borders,2014-15,627.593361,7260,11568,1043.673454,452159,433238
Real,SW08,Shetland Islands,2014-15,1660.260034,2937,1769,1043.673454,452159,433238
Real,SW08,South Ayrshire,2014-15,900.2949853,10682,11865,1043.673454,452159,433238
Real,SW08,South Lanarkshire,2014-15,1368.670824,34897,25497,1043.673454,452159,433238
Real,SW08,Stirling,2014-15,685.3603304,5145,7507,1043.673454,452159,433238
Real,SW08,West Dunbartonshire,2014-15,879.7767282,6147,6987,1043.673454,452159,433238
Real,SW08,West Lothian,2014-15,623.8970588,6788,10880,1043.673454,452159,433238
Real,SW08,Aberdeen City,2015-16,1764.968944,28416,16100,914.6640409,400364,437717
Real,SW08,Aberdeenshire,2015-16,1037.113924,20483,19750,914.6640409,400364,437717
Real,SW08,Angus,2015-16,367.7668238,4290,11665,914.6640409,400364,437717
Real,SW08,Argyll & Bute,2015-16,673.1513328,6263,9304,914.6640409,400364,437717
Real,SW08,Clackmannanshire,2015-16,578.9336121,2215,3826,914.6640409,400364,437717
Real,SW08,Dumfries & Galloway,2015-16,454.1281558,7321,16121,914.6640409,400364,437717
Real,SW08,Dundee City,2015-16,831.5392031,10351,12448,914.6640409,400364,437717
Real,SW08,East Ayrshire,2015-16,451.2085944,4536,10053,914.6640409,400364,437717
Real,SW08,East Dunbartonshire,2015-16,379.3706294,4123,10868,914.6640409,400364,437717
Real,SW08,East Lothian,2015-16,1313.958707,11710,8912,914.6640409,400364,437717
Real,SW08,East Renfrewshire,2015-16,208.9517625,1802,8624,914.6640409,400364,437717
Real,SW08,Edinburgh City,2015-16,1678.572435,59591,35501,914.6640409,400364,437717
Real,SW08,Eilean Siar,2015-16,2539.618857,7596,2991,914.6640409,400364,437717
Real,SW08,Falkirk,2015-16,863.6180662,10727,12421,914.6640409,400364,437717
Real,SW08,Fife,2015-16,1029.980782,32156,31220,914.6640409,400364,437717
Real,SW08,Glasgow City,2015-16,627.2542545,24695,39370,914.6640409,400364,437717
Real,SW08,Highland,2015-16,1584.95203,33536,21159,914.6640409,400364,437717
Real,SW08,Inverclyde,2015-16,243.902439,1760,7216,914.6640409,400364,437717
Real,SW08,Midlothian,2015-16,834.9106204,5558,6657,914.6640409,400364,437717
Real,SW08,Moray,2015-16,763.9599814,6567,8596,914.6640409,400364,437717
Real,SW08,North Ayrshire,2015-16,443.2830984,5471,12342,914.6640409,400364,437717
Real,SW08,North Lanarkshire,2015-16,973.1520959,23053,23689,914.6640409,400364,437717
Real,SW08,Orkney Islands,2015-16,382.4511206,802,2097,914.6640409,400364,437717
Real,SW08,Perth & Kinross,2015-16,1005.022503,15408,15331,914.6640409,400364,437717
Real,SW08,Renfrewshire,2015-16,287.035106,4129,14385,914.6640409,400364,437717
Real,SW08,Scottish Borders,2015-16,521.6608047,6081,11657,914.6640409,400364,437717
Real,SW08,Shetland Islands,2015-16,533.9539978,975,1826,914.6640409,400364,437717
Real,SW08,South Ayrshire,2015-16,837.6854845,10105,12063,914.6640409,400364,437717
Real,SW08,South Lanarkshire,2015-16,1415.966059,36379,25692,914.6640409,400364,437717
Real,SW08,Stirling,2015-16,670.4604919,5125,7644,914.6640409,400364,437717
Real,SW08,West Dunbartonshire,2015-16,530.3661163,3694,6965,914.6640409,400364,437717
Real,SW08,West Lothian,2015-16,485.2102637,5446,11224,914.6640409,400364,437717
Real,SW08,Aberdeen City,2016-17,1154.902448,18587,16094,839.7522999,371430,442309
Real,SW08,Aberdeenshire,2016-17,676.6883442,13527,19990,839.7522999,371430,442309
Real,SW08,Angus,2016-17,354.8167673,4173,11761,839.7522999,371430,442309
Real,SW08,Argyll & Bute,2016-17,596.5720407,5569,9335,839.7522999,371430,442309
Real,SW08,Clackmannanshire,2016-17,641.0386965,2518,3928,839.7522999,371430,442309
Real,SW08,Dumfries & Galloway,2016-17,591.000304,9719,16445,839.7522999,371430,442309
Real,SW08,Dundee City,2016-17,753.7072856,9352,12408,839.7522999,371430,442309
Real,SW08,East Ayrshire,2016-17,457.3218481,4672,10216,839.7522999,371430,442309
Real,SW08,East Dunbartonshire,2016-17,186.431479,2061,11055,839.7522999,371430,442309
Real,SW08,East Lothian,2016-17,1158.091059,10556,9115,839.7522999,371430,442309
Real,SW08,East Renfrewshire,2016-17,227.8753541,2011,8825,839.7522999,371430,442309
Real,SW08,Edinburgh City,2016-17,1395.300525,49702,35621,839.7522999,371430,442309
Real,SW08,Eilean Siar,2016-17,2194.29882,6697,3052,839.7522999,371430,442309
Real,SW08,Falkirk,2016-17,1022.783398,12839,12553,839.7522999,371430,442309
Real,SW08,Fife,2016-17,778.5879593,24559,31543,839.7522999,371430,442309
Real,SW08,Glasgow City,2016-17,463.7904073,18092,39009,839.7522999,371430,442309
Real,SW08,Highland,2016-17,1579.650135,33953,21494,839.7522999,371430,442309
Real,SW08,Inverclyde,2016-17,263.2228008,1921,7298,839.7522999,371430,442309
Real,SW08,Midlothian,2016-17,971.1934156,6608,6804,839.7522999,371430,442309
Real,SW08,Moray,2016-17,1095.216349,9593,8759,839.7522999,371430,442309
Real,SW08,North Ayrshire,2016-17,624.3914119,7823,12529,839.7522999,371430,442309
Real,SW08,North Lanarkshire,2016-17,961.3922199,23009,23933,839.7522999,371430,442309
Real,SW08,Orkney Islands,2016-17,434.3764596,930,2141,839.7522999,371430,442309
Real,SW08,Perth & Kinross,2016-17,865.8944659,13456,15540,839.7522999,371430,442309
Real,SW08,Renfrewshire,2016-17,107.2067116,1559,14542,839.7522999,371430,442309
Real,SW08,Scottish Borders,2016-17,647.1336499,7631,11792,839.7522999,371430,442309
Real,SW08,Shetland Islands,2016-17,528.1267067,967,1831,839.7522999,371430,442309
Real,SW08,South Ayrshire,2016-17,1273.465704,15521,12188,839.7522999,371430,442309
Real,SW08,South Lanarkshire,2016-17,1340.834164,34977,26086,839.7522999,371430,442309
Real,SW08,Stirling,2016-17,763.8281451,5938,7774,839.7522999,371430,442309
Real,SW08,West Dunbartonshire,2016-17,478.513686,3374,7051,839.7522999,371430,442309
Real,SW08,West Lothian,2016-17,822.2816246,9536,11597,839.7522999,371430,442309
Real,SW08,Aberdeen City,2017-18,838.1863048,13587,16210,761.7435057,341239,447971
Real,SW08,Aberdeenshire,2017-18,595.6072983,12176,20443,761.7435057,341239,447971
Real,SW08,Angus,2017-18,418.7233331,5005,11953,761.7435057,341239,447971
Real,SW08,Argyll & Bute,2017-18,625.1188338,5918,9467,761.7435057,341239,447971
Real,SW08,Clackmannanshire,2017-18,379.0282598,1529,4034,761.7435057,341239,447971
Real,SW08,Dumfries & Galloway,2017-18,554.2219037,9281,16746,761.7435057,341239,447971
Real,SW08,Dundee City,2017-18,349.2166572,4302,12319,761.7435057,341239,447971
Real,SW08,East Ayrshire,2017-18,336.8482718,3450,10242,761.7435057,341239,447971
Real,SW08,East Dunbartonshire,2017-18,227.8729479,2554,11208,761.7435057,341239,447971
Real,SW08,East Lothian,2017-18,774.8606944,7231,9332,761.7435057,341239,447971
Real,SW08,East Renfrewshire,2017-18,117.4166107,1049,8934,761.7435057,341239,447971
Real,SW08,Edinburgh City,2017-18,1502.040018,53749,35784,761.7435057,341239,447971
Real,SW08,Eilean Siar,2017-18,1553.074434,4799,3090,761.7435057,341239,447971
Real,SW08,Falkirk,2017-18,910.1857683,11563,12704,761.7435057,341239,447971
Real,SW08,Fife,2017-18,611.9854156,19638,32089,761.7435057,341239,447971
Real,SW08,Glasgow City,2017-18,324.3110364,12533,38645,761.7435057,341239,447971
Real,SW08,Highland,2017-18,1300.363967,28582,21980,761.7435057,341239,447971
Real,SW08,Inverclyde,2017-18,172.0828191,1255,7293,761.7435057,341239,447971
Real,SW08,Midlothian,2017-18,1422.022342,9802,6893,761.7435057,341239,447971
Real,SW08,Moray,2017-18,936.0797045,8362,8933,761.7435057,341239,447971
Real,SW08,North Ayrshire,2017-18,1013.068315,12946,12779,761.7435057,341239,447971
Real,SW08,North Lanarkshire,2017-18,1008.959168,24438,24221,761.7435057,341239,447971
Real,SW08,Orkney Islands,2017-18,381.0160428,855,2244,761.7435057,341239,447971
Real,SW08,Perth & Kinross,2017-18,658.1046285,10479,15923,761.7435057,341239,447971
Real,SW08,Renfrewshire,2017-18,189.8958262,2789,14687,761.7435057,341239,447971
Real,SW08,Scottish Borders,2017-18,855.4739653,10252,11984,761.7435057,341239,447971
Real,SW08,Shetland Islands,2017-18,505.0397878,952,1885,761.7435057,341239,447971
Real,SW08,South Ayrshire,2017-18,967.3181673,12076,12484,761.7435057,341239,447971
Real,SW08,South Lanarkshire,2017-18,1118.076298,29572,26449,761.7435057,341239,447971
Real,SW08,Stirling,2017-18,565.6920567,4508,7969,761.7435057,341239,447971
Real,SW08,West Dunbartonshire,2017-18,333.993773,2360,7066,761.7435057,341239,447971
Real,SW08,West Lothian,2017-18,1139.053501,13647,11981,761.7435057,341239,447971
Real,SW08,Aberdeen City,2018-19,604.07,9807,16235,792.66,360451,454736
Real,SW08,Aberdeenshire,2018-19,613.54,12880,20993,792.66,360451,454736
Real,SW08,Angus,2018-19,314.38,3827,12173,792.66,360451,454736
Real,SW08,Argyll & Bute,2018-19,640.2,6169,9636,792.66,360451,454736
Real,SW08,Clackmannanshire,2018-19,654.25,2723,4162,792.66,360451,454736
Real,SW08,Dumfries & Galloway,2018-19,607.52,10351,17038,792.66,360451,454736
Real,SW08,Dundee City,2018-19,372.18,4551,12228,792.66,360451,454736
Real,SW08,East Ayrshire,2018-19,386.53,4013,10382,792.66,360451,454736
Real,SW08,East Dunbartonshire,2018-19,356.82,4072,11412,792.66,360451,454736
Real,SW08,East Lothian,2018-19,640.67,6046,9437,792.66,360451,454736
Real,SW08,East Renfrewshire,2018-19,170.47,1532,8987,792.66,360451,454736
Real,SW08,Edinburgh City,2018-19,1620.63,58328,35991,792.66,360451,454736
Real,SW08,Eilean Siar,2018-19,1809.81,5719,3160,792.66,360451,454736
Real,SW08,Falkirk,2018-19,1177.9,15262,12957,792.66,360451,454736
Real,SW08,Fife,2018-19,628.01,20570,32754,792.66,360451,454736
Real,SW08,Glasgow City,2018-19,458.06,17618,38462,792.66,360451,454736
Real,SW08,Highland,2018-19,1248.41,28219,22604,792.66,360451,454736
Real,SW08,Inverclyde,2018-19,86.68,641,7395,792.66,360451,454736
Real,SW08,Midlothian,2018-19,1323.32,9381,7089,792.66,360451,454736
Real,SW08,Moray,2018-19,1063.26,9765,9184,792.66,360451,454736
Real,SW08,North Ayrshire,2018-19,1126.18,14619,12981,792.66,360451,454736
Real,SW08,North Lanarkshire,2018-19,996.34,24484,24574,792.66,360451,454736
Real,SW08,Orkney Islands,2018-19,110.87,260,2345,792.66,360451,454736
Real,SW08,Perth & Kinross,2018-19,547.66,8906,16262,792.66,360451,454736
Real,SW08,Renfrewshire,2018-19,245.92,3650,14842,792.66,360451,454736
Real,SW08,Scottish Borders,2018-19,760.78,9312,12240,792.66,360451,454736
Real,SW08,Shetland Islands,2018-19,572.74,1126,1966,792.66,360451,454736
Real,SW08,South Ayrshire,2018-19,1353.51,17260,12752,792.66,360451,454736
Real,SW08,South Lanarkshire,2018-19,1024.66,27554,26891,792.66,360451,454736
Real,SW08,Stirling,2018-19,540.34,4400,8143,792.66,360451,454736
Real,SW08,West Dunbartonshire,2018-19,331.96,2342,7055,792.66,360451,454736
Real,SW08,West Lothian,2018-19,1214.25,15064,12406,792.66,360451,454736
Real,SW08,Aberdeen City,2019-20,579.3490871,9488,16377,773.7831253,360463,465845
Real,SW08,Aberdeenshire,2019-20,522.1996115,11291,21622,773.7831253,360463,465845
Real,SW08,Angus,2019-20,252.0914668,3164,12551,773.7831253,360463,465845
Real,SW08,Argyll & Bute,2019-20,539.6024619,5348,9911,773.7831253,360463,465845
Real,SW08,Clackmannanshire,2019-20,309.7386074,1339,4323,773.7831253,360463,465845
Real,SW08,Dumfries & Galloway,2019-20,786.9002111,13792,17527,773.7831253,360463,465845
Real,SW08,Dundee City,2019-20,443.2670362,5438,12268,773.7831253,360463,465845
Real,SW08,East Ayrshire,2019-20,240.1534288,2567,10689,773.7831253,360463,465845
Real,SW08,East Dunbartonshire,2019-20,324.5778612,3806,11726,773.7831253,360463,465845
Real,SW08,East Lothian,2019-20,326.9834836,3227,9869,773.7831253,360463,465845
Real,SW08,East Renfrewshire,2019-20,155.7581678,1435,9213,773.7831253,360463,465845
Real,SW08,Edinburgh City,2019-20,1175.143257,42861,36473,773.7831253,360463,465845
Real,SW08,Eilean Siar,2019-20,1510.374729,4877,3229,773.7831253,360463,465845
Real,SW08,Falkirk,2019-20,1020.140303,13524,13257,773.7831253,360463,465845
Real,SW08,Fife,2019-20,714.7338206,24153,33793,773.7831253,360463,465845
Real,SW08,Glasgow City,2019-20,547.5635044,21125,38580,773.7831253,360463,465845
Real,SW08,Highland,2019-20,1277.972476,29902,23398,773.7831253,360463,465845
Real,SW08,Inverclyde,2019-20,162.2266402,1224,7545,773.7831253,360463,465845
Real,SW08,Midlothian,2019-20,965.6203288,7106,7359,773.7831253,360463,465845
Real,SW08,Moray,2019-20,767.6960628,7234,9423,773.7831253,360463,465845
Real,SW08,North Ayrshire,2019-20,1328.713761,17737,13349,773.7831253,360463,465845
Real,SW08,North Lanarkshire,2019-20,1108.725844,27941,25201,773.7831253,360463,465845
Real,SW08,Orkney Islands,2019-20,466.6940789,1135,2432,773.7831253,360463,465845
Real,SW08,Perth & Kinross,2019-20,502.3710907,8369,16659,773.7831253,360463,465845
Real,SW08,Renfrewshire,2019-20,382.583682,5852,15296,773.7831253,360463,465845
Real,SW08,Scottish Borders,2019-20,655.5414619,8269,12614,773.7831253,360463,465845
Real,SW08,Shetland Islands,2019-20,499.0253411,1024,2052,773.7831253,360463,465845
Real,SW08,South Ayrshire,2019-20,1699.446088,22397,13179,773.7831253,360463,465845
Real,SW08,South Lanarkshire,2019-20,1155.685152,31905,27607,773.7831253,360463,465845
Real,SW08,Stirling,2019-20,848.7816531,7106,8372,773.7831253,360463,465845
Real,SW08,West Dunbartonshire,2019-20,541.0088026,3872,7157,773.7831253,360463,465845
Real,SW08,West Lothian,2019-20,934.4223855,11955,12794,773.7831253,360463,465845
Real,SW08,Aberdeen City,2020-21,275.7219,4478,16241,484.2822,227524,469817
Real,SW08,Aberdeenshire,2020-21,203.7314,4488,22029,484.2822,227524,469817
Real,SW08,Angus,2020-21,237.9089,3040,12778,484.2822,227524,469817
Real,SW08,Argyll & Bute,2020-21,342.957,3433,10010,484.2822,227524,469817
Real,SW08,Clackmannanshire,2020-21,586.6248,2614,4456,484.2822,227524,469817
Real,SW08,Dumfries & Galloway,2020-21,257.4507,4587,17817,484.2822,227524,469817
Real,SW08,Dundee City,2020-21,326.8028,3970,12148,484.2822,227524,469817
Real,SW08,East Ayrshire,2020-21,196.3218,2135,10875,484.2822,227524,469817
Real,SW08,East Dunbartonshire,2020-21,303.9349,3584,11792,484.2822,227524,469817
Real,SW08,East Lothian,2020-21,257.7915,2589,10043,484.2822,227524,469817
Real,SW08,East Renfrewshire,2020-21,189.4045,1759,9287,484.2822,227524,469817
Real,SW08,Edinburgh City,2020-21,578.9849,21115,36469,484.2822,227524,469817
Real,SW08,Eilean Siar,2020-21,766.3145,2466,3218,484.2822,227524,469817
Real,SW08,Falkirk,2020-21,684.2895,9125,13335,484.2822,227524,469817
Real,SW08,Fife,2020-21,556.3808,19253,34604,484.2822,227524,469817
Real,SW08,Glasgow City,2020-21,643.5918,24405,37920,484.2822,227524,469817
Real,SW08,Highland,2020-21,816.9598,19509,23880,484.2822,227524,469817
Real,SW08,Inverclyde,2020-21,151.2051,1123,7427,484.2822,227524,469817
Real,SW08,Midlothian,2020-21,665.4671,4993,7503,484.2822,227524,469817
Real,SW08,Moray,2020-21,492.7431,4753,9646,484.2822,227524,469817
Real,SW08,North Ayrshire,2020-21,381.6432,5156,13510,484.2822,227524,469817
Real,SW08,North Lanarkshire,2020-21,781.3581,19884,25448,484.2822,227524,469817
Real,SW08,Orkney Islands,2020-21,368.0032,927,2519,484.2822,227524,469817
Real,SW08,Perth & Kinross,2020-21,197.056,3320,16848,484.2822,227524,469817
Real,SW08,Renfrewshire,2020-21,368.2439,5689,15449,484.2822,227524,469817
Real,SW08,Scottish Borders,2020-21,588.4224,7583,12887,484.2822,227524,469817
Real,SW08,Shetland Islands,2020-21,153.0132,325,2124,484.2822,227524,469817
Real,SW08,South Ayrshire,2020-21,886.3585,11754,13261,484.2822,227524,469817
Real,SW08,South Lanarkshire,2020-21,544.215,15047,27649,484.2822,227524,469817
Real,SW08,Stirling,2020-21,375.0737,3181,8481,484.2822,227524,469817
Real,SW08,West Dunbartonshire,2020-21,909.0654,6468,7115,484.2822,227524,469817
Real,SW08,West Lothian,2020-21,359.5953,4692,13048,484.2822,227524,469817
Real,SW08,Aberdeen City,2021-22,318.1983732,5242,16474,747.9233006,357719,478283
Real,SW08,Aberdeenshire,2021-22,270.4059363,6195,22910,747.9233006,357719,478283
Real,SW08,Angus,2021-22,220.8518462,2883,13054,747.9233006,357719,478283
Real,SW08,Argyll & Bute,2021-22,570.0078003,5846,10256,747.9233006,357719,478283
Real,SW08,Clackmannanshire,2021-22,718.3530442,3280,4566,747.9233006,357719,478283
Real,SW08,Dumfries & Galloway,2021-22,783.4773515,14235,18169,747.9233006,357719,478283
Real,SW08,Dundee City,2021-22,795.2014412,9711,12212,747.9233006,357719,478283
Real,SW08,East Ayrshire,2021-22,392.957364,4341,11047,747.9233006,357719,478283
Real,SW08,East Dunbartonshire,2021-22,340.4576314,4062,11931,747.9233006,357719,478283
Real,SW08,East Lothian,2021-22,153.195579,1594,10405,747.9233006,357719,478283
Real,SW08,East Renfrewshire,2021-22,342.1136484,3221,9415,747.9233006,357719,478283
Real,SW08,Edinburgh City,2021-22,1388.111321,51374,37010,747.9233006,357719,478283
Real,SW08,Eilean Siar,2021-22,1273.665049,4198,3296,747.9233006,357719,478283
Real,SW08,Falkirk,2021-22,1091.484507,14830,13587,747.9233006,357719,478283
Real,SW08,Fife,2021-22,888.1729546,31428,35385,747.9233006,357719,478283
Real,SW08,Glasgow City,2021-22,834.8401851,31395,37606,747.9233006,357719,478283
Real,SW08,Highland,2021-22,1019.491594,25106,24626,747.9233006,357719,478283
Real,SW08,Inverclyde,2021-22,291.4073878,2201,7553,747.9233006,357719,478283
Real,SW08,Midlothian,2021-22,504.005168,3901,7740,747.9233006,357719,478283
Real,SW08,Moray,2021-22,754.9415087,7486,9916,747.9233006,357719,478283
Real,SW08,North Ayrshire,2021-22,805.2723565,11058,13732,747.9233006,357719,478283
Real,SW08,North Lanarkshire,2021-22,821.0097087,21141,25750,747.9233006,357719,478283
Real,SW08,Orkney Islands,2021-22,458.3817267,1184,2583,747.9233006,357719,478283
Real,SW08,Perth & Kinross,2021-22,593.7662638,10268,17293,747.9233006,357719,478283
Real,SW08,Renfrewshire,2021-22,295.9196808,4598,15538,747.9233006,357719,478283
Real,SW08,Scottish Borders,2021-22,981.8690036,12997,13237,747.9233006,357719,478283
Real,SW08,Shetland Islands,2021-22,333.3333333,728,2184,747.9233006,357719,478283
Real,SW08,South Ayrshire,2021-22,1365.127672,18391,13472,747.9233006,357719,478283
Real,SW08,South Lanarkshire,2021-22,910.3554316,25459,27966,747.9233006,357719,478283
Real,SW08,Stirling,2021-22,756.1565017,6571,8690,747.9233006,357719,478283
Real,SW08,West Dunbartonshire,2021-22,961.3566861,6916,7194,747.9233006,357719,478283
Real,SW08,West Lothian,2021-22,426.3680854,5750,13486,747.9233006,357719,478283
Real,ECON12a,Aberdeen City,2010-11,2.3,3620,157391.3043,4.2,145580,3466190.476
Real,ECON12a,Aberdeenshire,2010-11,1.6,2595,162187.5,4.2,145580,3466190.476
Real,ECON12a,Angus,2010-11,3.2,2340,73125,4.2,145580,3466190.476
Real,ECON12a,Argyll & Bute,2010-11,3.6,1985,55138.88889,4.2,145580,3466190.476
Real,ECON12a,Clackmannanshire,2010-11,5.6,1885,33660.71429,4.2,145580,3466190.476
Real,ECON12a,Dumfries & Galloway,2010-11,3.4,3195,93970.58824,4.2,145580,3466190.476
Real,ECON12a,Dundee City,2010-11,5.6,5525,98660.71429,4.2,145580,3466190.476
Real,ECON12a,East Ayrshire,2010-11,5.7,4565,80087.7193,4.2,145580,3466190.476
Real,ECON12a,East Dunbartonshire,2010-11,2.9,1915,66034.48276,4.2,145580,3466190.476
Real,ECON12a,East Lothian,2010-11,3.2,2050,64062.5,4.2,145580,3466190.476
Real,ECON12a,East Renfrewshire,2010-11,2.6,1455,55961.53846,4.2,145580,3466190.476
Real,ECON12a,Edinburgh City,2010-11,3.3,11005,333484.8485,4.2,145580,3466190.476
Real,ECON12a,Eilean Siar,2010-11,3.1,535,17258.06452,4.2,145580,3466190.476
Real,ECON12a,Falkirk,2010-11,4.7,4790,101914.8936,4.2,145580,3466190.476
Real,ECON12a,Fife,2010-11,4.6,10890,236739.1304,4.2,145580,3466190.476
Real,ECON12a,Glasgow City,2010-11,6.2,25530,411774.1935,4.2,145580,3466190.476
Real,ECON12a,Highland,2010-11,3.1,4575,147580.6452,4.2,145580,3466190.476
Real,ECON12a,Inverclyde,2010-11,5.1,2685,52647.05882,4.2,145580,3466190.476
Real,ECON12a,Midlothian,2010-11,4,2140,53500,4.2,145580,3466190.476
Real,ECON12a,Moray,2010-11,2.8,1660,59285.71429,4.2,145580,3466190.476
Real,ECON12a,North Ayrshire,2010-11,6.3,5520,87619.04762,4.2,145580,3466190.476
Real,ECON12a,North Lanarkshire,2010-11,5.3,11725,221226.4151,4.2,145580,3466190.476
Real,ECON12a,Orkney Islands,2010-11,1.7,230,13529.41176,4.2,145580,3466190.476
Real,ECON12a,Perth & Kinross,2010-11,2.6,2400,92307.69231,4.2,145580,3466190.476
Real,ECON12a,Renfrewshire,2010-11,4.7,5400,114893.617,4.2,145580,3466190.476
Real,ECON12a,Scottish Borders,2010-11,3.2,2230,69687.5,4.2,145580,3466190.476
Real,ECON12a,Shetland Islands,2010-11,1.6,245,15312.5,4.2,145580,3466190.476
Real,ECON12a,South Ayrshire,2010-11,4.4,3055,69431.81818,4.2,145580,3466190.476
Real,ECON12a,South Lanarkshire,2010-11,4.5,9335,207444.4444,4.2,145580,3466190.476
Real,ECON12a,Stirling,2010-11,3.5,2030,58000,4.2,145580,3466190.476
Real,ECON12a,West Dunbartonshire,2010-11,6.3,3775,59920.63492,4.2,145580,3466190.476
Real,ECON12a,West Lothian,2010-11,4.1,4700,114634.1463,4.2,145580,3466190.476
Real,ECON12a,Aberdeen City,2011-12,2.3,3635,158043.4783,4.3,150375,3497093.023
Real,ECON12a,Aberdeenshire,2011-12,1.5,2455,163666.6667,4.3,150375,3497093.023
Real,ECON12a,Angus,2011-12,3.2,2300,71875,4.3,150375,3497093.023
Real,ECON12a,Argyll & Bute,2011-12,3.9,2035,52179.48718,4.3,150375,3497093.023
Real,ECON12a,Clackmannanshire,2011-12,5.7,1915,33596.49123,4.3,150375,3497093.023
Real,ECON12a,Dumfries & Galloway,2011-12,3.9,3555,91153.84615,4.3,150375,3497093.023
Real,ECON12a,Dundee City,2011-12,5.7,5630,98771.92982,4.3,150375,3497093.023
Real,ECON12a,East Ayrshire,2011-12,6.1,4845,79426.22951,4.3,150375,3497093.023
Real,ECON12a,East Dunbartonshire,2011-12,2.8,1865,66607.14286,4.3,150375,3497093.023
Real,ECON12a,East Lothian,2011-12,3.5,2195,62714.28571,4.3,150375,3497093.023
Real,ECON12a,East Renfrewshire,2011-12,2.6,1445,55576.92308,4.3,150375,3497093.023
Real,ECON12a,Edinburgh City,2011-12,3.6,12015,333750,4.3,150375,3497093.023
Real,ECON12a,Eilean Siar,2011-12,3.4,565,16617.64706,4.3,150375,3497093.023
Real,ECON12a,Falkirk,2011-12,4.6,4700,102173.913,4.3,150375,3497093.023
Real,ECON12a,Fife,2011-12,4.7,11075,235638.2979,4.3,150375,3497093.023
Real,ECON12a,Glasgow City,2011-12,6.1,25310,414918.0328,4.3,150375,3497093.023
Real,ECON12a,Highland,2011-12,3,4435,147833.3333,4.3,150375,3497093.023
Real,ECON12a,Inverclyde,2011-12,5.8,3025,52155.17241,4.3,150375,3497093.023
Real,ECON12a,Midlothian,2011-12,4.2,2265,53928.57143,4.3,150375,3497093.023
Real,ECON12a,Moray,2011-12,2.8,1630,58214.28571,4.3,150375,3497093.023
Real,ECON12a,North Ayrshire,2011-12,6.7,5785,86343.28358,4.3,150375,3497093.023
Real,ECON12a,North Lanarkshire,2011-12,5.7,12615,221315.7895,4.3,150375,3497093.023
Real,ECON12a,Orkney Islands,2011-12,1.8,245,13611.11111,4.3,150375,3497093.023
Real,ECON12a,Perth & Kinross,2011-12,2.7,2435,90185.18519,4.3,150375,3497093.023
Real,ECON12a,Renfrewshire,2011-12,5.2,5930,114038.4615,4.3,150375,3497093.023
Real,ECON12a,Scottish Borders,2011-12,3.4,2345,68970.58824,4.3,150375,3497093.023
Real,ECON12a,Shetland Islands,2011-12,1.6,230,14375,4.3,150375,3497093.023
Real,ECON12a,South Ayrshire,2011-12,4.7,3275,69680.85106,4.3,150375,3497093.023
Real,ECON12a,South Lanarkshire,2011-12,4.8,9780,203750,4.3,150375,3497093.023
Real,ECON12a,Stirling,2011-12,3.5,2050,58571.42857,4.3,150375,3497093.023
Real,ECON12a,West Dunbartonshire,2011-12,6.8,4035,59338.23529,4.3,150375,3497093.023
Real,ECON12a,West Lothian,2011-12,4.1,4750,115853.6585,4.3,150375,3497093.023
Real,ECON12a,Aberdeen City,2012-13,1.9,3095,162894.7368,4.1,142965,3486951.22
Real,ECON12a,Aberdeenshire,2012-13,1.2,1995,166250,4.1,142965,3486951.22
Real,ECON12a,Angus,2012-13,3,2170,72333.33333,4.1,142965,3486951.22
Real,ECON12a,Argyll & Bute,2012-13,3.6,1910,53055.55556,4.1,142965,3486951.22
Real,ECON12a,Clackmannanshire,2012-13,5.4,1790,33148.14815,4.1,142965,3486951.22
Real,ECON12a,Dumfries & Galloway,2012-13,3.9,3560,91282.05128,4.1,142965,3486951.22
Real,ECON12a,Dundee City,2012-13,5.7,5665,99385.96491,4.1,142965,3486951.22
Real,ECON12a,East Ayrshire,2012-13,5.9,4605,78050.84746,4.1,142965,3486951.22
Real,ECON12a,East Dunbartonshire,2012-13,2.5,1645,65800,4.1,142965,3486951.22
Real,ECON12a,East Lothian,2012-13,3.3,2120,64242.42424,4.1,142965,3486951.22
Real,ECON12a,East Renfrewshire,2012-13,2.4,1340,55833.33333,4.1,142965,3486951.22
Real,ECON12a,Edinburgh City,2012-13,3.4,11560,340000,4.1,142965,3486951.22
Real,ECON12a,Eilean Siar,2012-13,3,500,16666.66667,4.1,142965,3486951.22
Real,ECON12a,Falkirk,2012-13,4.5,4550,101111.1111,4.1,142965,3486951.22
Real,ECON12a,Fife,2012-13,4.7,10930,232553.1915,4.1,142965,3486951.22
Real,ECON12a,Glasgow City,2012-13,5.7,23965,420438.5965,4.1,142965,3486951.22
Real,ECON12a,Highland,2012-13,2.9,4225,145689.6552,4.1,142965,3486951.22
Real,ECON12a,Inverclyde,2012-13,5.4,2815,52129.62963,4.1,142965,3486951.22
Real,ECON12a,Midlothian,2012-13,4.1,2180,53170.73171,4.1,142965,3486951.22
Real,ECON12a,Moray,2012-13,2.4,1420,59166.66667,4.1,142965,3486951.22
Real,ECON12a,North Ayrshire,2012-13,6.7,5725,85447.76119,4.1,142965,3486951.22
Real,ECON12a,North Lanarkshire,2012-13,5.3,11760,221886.7925,4.1,142965,3486951.22
Real,ECON12a,Orkney Islands,2012-13,1.4,185,13214.28571,4.1,142965,3486951.22
Real,ECON12a,Perth & Kinross,2012-13,2.3,2120,92173.91304,4.1,142965,3486951.22
Real,ECON12a,Renfrewshire,2012-13,5,5635,112700,4.1,142965,3486951.22
Real,ECON12a,Scottish Borders,2012-13,3.2,2215,69218.75,4.1,142965,3486951.22
Real,ECON12a,Shetland Islands,2012-13,1.6,230,14375,4.1,142965,3486951.22
Real,ECON12a,South Ayrshire,2012-13,4.5,3120,69333.33333,4.1,142965,3486951.22
Real,ECON12a,South Lanarkshire,2012-13,4.6,9325,202717.3913,4.1,142965,3486951.22
Real,ECON12a,Stirling,2012-13,3.2,1865,58281.25,4.1,142965,3486951.22
Real,ECON12a,West Dunbartonshire,2012-13,6.5,3820,58769.23077,4.1,142965,3486951.22
Real,ECON12a,West Lothian,2012-13,4.3,4925,114534.8837,4.1,142965,3486951.22
Real,ECON12a,Aberdeen City,2013-14,1.5,2350,156666.6667,3.2,110945,3467031.25
Real,ECON12a,Aberdeenshire,2013-14,0.8,1390,173750,3.2,110945,3467031.25
Real,ECON12a,Angus,2013-14,2.1,1525,72619.04762,3.2,110945,3467031.25
Real,ECON12a,Argyll & Bute,2013-14,2.8,1490,53214.28571,3.2,110945,3467031.25
Real,ECON12a,Clackmannanshire,2013-14,4.4,1460,33181.81818,3.2,110945,3467031.25
Real,ECON12a,Dumfries & Galloway,2013-14,3,2700,90000,3.2,110945,3467031.25
Real,ECON12a,Dundee City,2013-14,4.6,4515,98152.17391,3.2,110945,3467031.25
Real,ECON12a,East Ayrshire,2013-14,4.9,3850,78571.42857,3.2,110945,3467031.25
Real,ECON12a,East Dunbartonshire,2013-14,1.7,1115,65588.23529,3.2,110945,3467031.25
Real,ECON12a,East Lothian,2013-14,2.6,1650,63461.53846,3.2,110945,3467031.25
Real,ECON12a,East Renfrewshire,2013-14,1.6,910,56875,3.2,110945,3467031.25
Real,ECON12a,Edinburgh City,2013-14,2.6,9020,346923.0769,3.2,110945,3467031.25
Real,ECON12a,Eilean Siar,2013-14,3,490,16333.33333,3.2,110945,3467031.25
Real,ECON12a,Falkirk,2013-14,3.6,3625,100694.4444,3.2,110945,3467031.25
Real,ECON12a,Fife,2013-14,3.7,8490,229459.4595,3.2,110945,3467031.25
Real,ECON12a,Glasgow City,2013-14,4.4,18505,420568.1818,3.2,110945,3467031.25
Real,ECON12a,Highland,2013-14,2.3,3285,142826.087,3.2,110945,3467031.25
Real,ECON12a,Inverclyde,2013-14,4,2065,51625,3.2,110945,3467031.25
Real,ECON12a,Midlothian,2013-14,3,1620,54000,3.2,110945,3467031.25
Real,ECON12a,Moray,2013-14,1.9,1110,58421.05263,3.2,110945,3467031.25
Real,ECON12a,North Ayrshire,2013-14,5.5,4695,85363.63636,3.2,110945,3467031.25
Real,ECON12a,North Lanarkshire,2013-14,4.2,9220,219523.8095,3.2,110945,3467031.25
Real,ECON12a,Orkney Islands,2013-14,1.1,150,13636.36364,3.2,110945,3467031.25
Real,ECON12a,Perth & Kinross,2013-14,1.9,1785,93947.36842,3.2,110945,3467031.25
Real,ECON12a,Renfrewshire,2013-14,3.9,4335,111153.8462,3.2,110945,3467031.25
Real,ECON12a,Scottish Borders,2013-14,2.6,1760,67692.30769,3.2,110945,3467031.25
Real,ECON12a,Shetland Islands,2013-14,1,145,14500,3.2,110945,3467031.25
Real,ECON12a,South Ayrshire,2013-14,3.7,2535,68513.51351,3.2,110945,3467031.25
Real,ECON12a,South Lanarkshire,2013-14,3.5,7170,204857.1429,3.2,110945,3467031.25
Real,ECON12a,Stirling,2013-14,2.5,1500,60000,3.2,110945,3467031.25
Real,ECON12a,West Dunbartonshire,2013-14,5.2,3045,58557.69231,3.2,110945,3467031.25
Real,ECON12a,West Lothian,2013-14,3,3455,115166.6667,3.2,110945,3467031.25
Real,ECON12a,Aberdeen City,2014-15,1.2,1940,161666.6667,2.4,84965,3540208.333
Real,ECON12a,Aberdeenshire,2014-15,0.8,1250,156250,2.4,84965,3540208.333
Real,ECON12a,Angus,2014-15,1.8,1295,71944.44444,2.4,84965,3540208.333
Real,ECON12a,Argyll & Bute,2014-15,2,1040,52000,2.4,84965,3540208.333
Real,ECON12a,Clackmannanshire,2014-15,3,975,32500,2.4,84965,3540208.333
Real,ECON12a,Dumfries & Galloway,2014-15,2.1,1895,90238.09524,2.4,84965,3540208.333
Real,ECON12a,Dundee City,2014-15,3.5,3475,99285.71429,2.4,84965,3540208.333
Real,ECON12a,East Ayrshire,2014-15,3.8,2910,76578.94737,2.4,84965,3540208.333
Real,ECON12a,East Dunbartonshire,2014-15,1.4,900,64285.71429,2.4,84965,3540208.333
Real,ECON12a,East Lothian,2014-15,1.9,1205,63421.05263,2.4,84965,3540208.333
Real,ECON12a,East Renfrewshire,2014-15,1.4,780,55714.28571,2.4,84965,3540208.333
Real,ECON12a,Edinburgh City,2014-15,1.8,6295,349722.2222,2.4,84965,3540208.333
Real,ECON12a,Eilean Siar,2014-15,2.4,390,16250,2.4,84965,3540208.333
Real,ECON12a,Falkirk,2014-15,2.5,2585,103400,2.4,84965,3540208.333
Real,ECON12a,Fife,2014-15,2.7,6330,234444.4444,2.4,84965,3540208.333
Real,ECON12a,Glasgow City,2014-15,3.7,15710,424594.5946,2.4,84965,3540208.333
Real,ECON12a,Highland,2014-15,1.7,2505,147352.9412,2.4,84965,3540208.333
Real,ECON12a,Inverclyde,2014-15,3.3,1690,51212.12121,2.4,84965,3540208.333
Real,ECON12a,Midlothian,2014-15,1.9,1030,54210.52632,2.4,84965,3540208.333
Real,ECON12a,Moray,2014-15,1.5,920,61333.33333,2.4,84965,3540208.333
Real,ECON12a,North Ayrshire,2014-15,4.3,3620,84186.04651,2.4,84965,3540208.333
Real,ECON12a,North Lanarkshire,2014-15,3.2,7060,220625,2.4,84965,3540208.333
Real,ECON12a,Orkney Islands,2014-15,0.7,100,14285.71429,2.4,84965,3540208.333
Real,ECON12a,Perth & Kinross,2014-15,1.3,1210,93076.92308,2.4,84965,3540208.333
Real,ECON12a,Renfrewshire,2014-15,2.9,3280,113103.4483,2.4,84965,3540208.333
Real,ECON12a,Scottish Borders,2014-15,1.8,1215,67500,2.4,84965,3540208.333
Real,ECON12a,Shetland Islands,2014-15,0.7,105,15000,2.4,84965,3540208.333
Real,ECON12a,South Ayrshire,2014-15,2.8,1905,68035.71429,2.4,84965,3540208.333
Real,ECON12a,South Lanarkshire,2014-15,2.7,5525,204629.6296,2.4,84965,3540208.333
Real,ECON12a,Stirling,2014-15,1.7,1040,61176.47059,2.4,84965,3540208.333
Real,ECON12a,West Dunbartonshire,2014-15,4.2,2415,57500,2.4,84965,3540208.333
Real,ECON12a,West Lothian,2014-15,2,2370,118500,2.4,84965,3540208.333
Real,ECON12a,Aberdeen City,2015-16,2,3270,163500,2.3,80645,3506304.348
Real,ECON12a,Aberdeenshire,2015-16,1.5,2485,165666.6667,2.3,80645,3506304.348
Real,ECON12a,Angus,2015-16,2.1,1460,69523.80952,2.3,80645,3506304.348
Real,ECON12a,Argyll & Bute,2015-16,1.8,955,53055.55556,2.3,80645,3506304.348
Real,ECON12a,Clackmannanshire,2015-16,2.8,915,32678.57143,2.3,80645,3506304.348
Real,ECON12a,Dumfries & Galloway,2015-16,1.8,1600,88888.88889,2.3,80645,3506304.348
Real,ECON12a,Dundee City,2015-16,3.5,3445,98428.57143,2.3,80645,3506304.348
Real,ECON12a,East Ayrshire,2015-16,3.3,2545,77121.21212,2.3,80645,3506304.348
Real,ECON12a,East Dunbartonshire,2015-16,1.2,760,63333.33333,2.3,80645,3506304.348
Real,ECON12a,East Lothian,2015-16,1.7,1110,65294.11765,2.3,80645,3506304.348
Real,ECON12a,East Renfrewshire,2015-16,1.1,625,56818.18182,2.3,80645,3506304.348
Real,ECON12a,Edinburgh City,2015-16,1.6,5510,344375,2.3,80645,3506304.348
Real,ECON12a,Eilean Siar,2015-16,2.3,365,15869.56522,2.3,80645,3506304.348
Real,ECON12a,Falkirk,2015-16,2.3,2295,99782.6087,2.3,80645,3506304.348
Real,ECON12a,Fife,2015-16,2.5,5860,234400,2.3,80645,3506304.348
Real,ECON12a,Glasgow City,2015-16,3.2,14055,439218.75,2.3,80645,3506304.348
Real,ECON12a,Highland,2015-16,1.8,2535,140833.3333,2.3,80645,3506304.348
Real,ECON12a,Inverclyde,2015-16,3,1530,51000,2.3,80645,3506304.348
Real,ECON12a,Midlothian,2015-16,1.7,960,56470.58824,2.3,80645,3506304.348
Real,ECON12a,Moray,2015-16,1.9,1120,58947.36842,2.3,80645,3506304.348
Real,ECON12a,North Ayrshire,2015-16,4.3,3585,83372.09302,2.3,80645,3506304.348
Real,ECON12a,North Lanarkshire,2015-16,2.9,6265,216034.4828,2.3,80645,3506304.348
Real,ECON12a,Orkney Islands,2015-16,0.9,115,12777.77778,2.3,80645,3506304.348
Real,ECON12a,Perth & Kinross,2015-16,1.2,1140,95000,2.3,80645,3506304.348
Real,ECON12a,Renfrewshire,2015-16,2.7,3030,112222.2222,2.3,80645,3506304.348
Real,ECON12a,Scottish Borders,2015-16,1.9,1315,69210.52632,2.3,80645,3506304.348
Real,ECON12a,Shetland Islands,2015-16,1,145,14500,2.3,80645,3506304.348
Real,ECON12a,South Ayrshire,2015-16,2.5,1680,67200,2.3,80645,3506304.348
Real,ECON12a,South Lanarkshire,2015-16,2.3,4615,200652.1739,2.3,80645,3506304.348
Real,ECON12a,Stirling,2015-16,1.6,995,62187.5,2.3,80645,3506304.348
Real,ECON12a,West Dunbartonshire,2015-16,3.9,2230,57179.48718,2.3,80645,3506304.348
Real,ECON12a,West Lothian,2015-16,1.8,2125,118055.5556,2.3,80645,3506304.348
Real,ECON12a,Aberdeen City,2016-17,2.4,3875,161458.3333,2.4,83590,3482916.667
Real,ECON12a,Aberdeenshire,2016-17,1.6,2670,166875,2.4,83590,3482916.667
Real,ECON12a,Angus,2016-17,2.2,1545,70227.27273,2.4,83590,3482916.667
Real,ECON12a,Argyll & Bute,2016-17,1.8,920,51111.11111,2.4,83590,3482916.667
Real,ECON12a,Clackmannanshire,2016-17,2.9,955,32931.03448,2.4,83590,3482916.667
Real,ECON12a,Dumfries & Galloway,2016-17,1.9,1645,86578.94737,2.4,83590,3482916.667
Real,ECON12a,Dundee City,2016-17,3.3,3305,100151.5152,2.4,83590,3482916.667
Real,ECON12a,East Ayrshire,2016-17,3.5,2660,76000,2.4,83590,3482916.667
Real,ECON12a,East Dunbartonshire,2016-17,1.4,905,64642.85714,2.4,83590,3482916.667
Real,ECON12a,East Lothian,2016-17,2.4,1590,66250,2.4,83590,3482916.667
Real,ECON12a,East Renfrewshire,2016-17,1.3,725,55769.23077,2.4,83590,3482916.667
Real,ECON12a,Edinburgh City,2016-17,1.5,5395,359666.6667,2.4,83590,3482916.667
Real,ECON12a,Eilean Siar,2016-17,2.2,340,15454.54545,2.4,83590,3482916.667
Real,ECON12a,Falkirk,2016-17,2.4,2410,100416.6667,2.4,83590,3482916.667
Real,ECON12a,Fife,2016-17,2.7,6195,229444.4444,2.4,83590,3482916.667
Real,ECON12a,Glasgow City,2016-17,3.3,14270,432424.2424,2.4,83590,3482916.667
Real,ECON12a,Highland,2016-17,2,2920,146000,2.4,83590,3482916.667
Real,ECON12a,Inverclyde,2016-17,3.6,1795,49861.11111,2.4,83590,3482916.667
Real,ECON12a,Midlothian,2016-17,1.8,1025,56944.44444,2.4,83590,3482916.667
Real,ECON12a,Moray,2016-17,2.1,1270,60476.19048,2.4,83590,3482916.667
Real,ECON12a,North Ayrshire,2016-17,4.1,3415,83292.68293,2.4,83590,3482916.667
Real,ECON12a,North Lanarkshire,2016-17,2.8,6180,220714.2857,2.4,83590,3482916.667
Real,ECON12a,Orkney Islands,2016-17,1.1,145,13181.81818,2.4,83590,3482916.667
Real,ECON12a,Perth & Kinross,2016-17,1.3,1210,93076.92308,2.4,83590,3482916.667
Real,ECON12a,Renfrewshire,2016-17,2.7,3035,112407.4074,2.4,83590,3482916.667
Real,ECON12a,Scottish Borders,2016-17,1.9,1270,66842.10526,2.4,83590,3482916.667
Real,ECON12a,Shetland Islands,2016-17,1,145,14500,2.4,83590,3482916.667
Real,ECON12a,South Ayrshire,2016-17,2.6,1775,68269.23077,2.4,83590,3482916.667
Real,ECON12a,South Lanarkshire,2016-17,2.3,4575,198913.0435,2.4,83590,3482916.667
Real,ECON12a,Stirling,2016-17,1.7,1010,59411.76471,2.4,83590,3482916.667
Real,ECON12a,West Dunbartonshire,2016-17,3.7,2125,57432.43243,2.4,83590,3482916.667
Real,ECON12a,West Lothian,2016-17,2,2290,114500,2.4,83590,3482916.667
Real,ECON12a,Aberdeen City,2017-18,2.2,3435,156136.3636,2.5,88915,3556600
Real,ECON12a,Aberdeenshire,2017-18,1.4,2215,158214.2857,2.5,88915,3556600
Real,ECON12a,Angus,2017-18,2.6,1800,69230.76923,2.5,88915,3556600
Real,ECON12a,Argyll & Bute,2017-18,1.8,915,50833.33333,2.5,88915,3556600
Real,ECON12a,Clackmannanshire,2017-18,4.1,1320,32195.12195,2.5,88915,3556600
Real,ECON12a,Dumfries & Galloway,2017-18,1.9,1655,87105.26316,2.5,88915,3556600
Real,ECON12a,Dundee City,2017-18,3.7,3690,99729.72973,2.5,88915,3556600
Real,ECON12a,East Ayrshire,2017-18,4,3015,75375,2.5,88915,3556600
Real,ECON12a,East Dunbartonshire,2017-18,1.8,1140,63333.33333,2.5,88915,3556600
Real,ECON12a,East Lothian,2017-18,2.9,1865,64310.34483,2.5,88915,3556600
Real,ECON12a,East Renfrewshire,2017-18,1.2,695,57916.66667,2.5,88915,3556600
Real,ECON12a,Edinburgh City,2017-18,1.4,5030,359285.7143,2.5,88915,3556600
Real,ECON12a,Eilean Siar,2017-18,1.9,295,15526.31579,2.5,88915,3556600
Real,ECON12a,Falkirk,2017-18,2.6,2635,101346.1538,2.5,88915,3556600
Real,ECON12a,Fife,2017-18,3.1,7105,229193.5484,2.5,88915,3556600
Real,ECON12a,Glasgow City,2017-18,3.2,14240,445000,2.5,88915,3556600
Real,ECON12a,Highland,2017-18,2.6,3740,143846.1538,2.5,88915,3556600
Real,ECON12a,Inverclyde,2017-18,5.2,2570,49423.07692,2.5,88915,3556600
Real,ECON12a,Midlothian,2017-18,2.7,1505,55740.74074,2.5,88915,3556600
Real,ECON12a,Moray,2017-18,2.1,1210,57619.04762,2.5,88915,3556600
Real,ECON12a,North Ayrshire,2017-18,4.5,3695,82111.11111,2.5,88915,3556600
Real,ECON12a,North Lanarkshire,2017-18,2.8,6190,221071.4286,2.5,88915,3556600
Real,ECON12a,Orkney Islands,2017-18,0.9,125,13888.88889,2.5,88915,3556600
Real,ECON12a,Perth & Kinross,2017-18,1.3,1185,91153.84615,2.5,88915,3556600
Real,ECON12a,Renfrewshire,2017-18,2.9,3270,112758.6207,2.5,88915,3556600
Real,ECON12a,Scottish Borders,2017-18,1.7,1145,67352.94118,2.5,88915,3556600
Real,ECON12a,Shetland Islands,2017-18,0.9,120,13333.33333,2.5,88915,3556600
Real,ECON12a,South Ayrshire,2017-18,2.5,1685,67400,2.5,88915,3556600
Real,ECON12a,South Lanarkshire,2017-18,2.8,5620,200714.2857,2.5,88915,3556600
Real,ECON12a,Stirling,2017-18,2.3,1410,61304.34783,2.5,88915,3556600
Real,ECON12a,West Dunbartonshire,2017-18,3.9,2200,56410.25641,2.5,88915,3556600
Real,ECON12a,West Lothian,2017-18,1.9,2190,115263.1579,2.5,88915,3556600
Real,ECON12a,Aberdeen City,2018-19,2.1,3375,160714.2857,3.1,107760,3476129.032
Real,ECON12a,Aberdeenshire,2018-19,1.6,2615,163437.5,3.1,107760,3476129.032
Real,ECON12a,Angus,2018-19,3.2,2210,69062.5,3.1,107760,3476129.032
Real,ECON12a,Argyll & Bute,2018-19,2.7,1375,50925.92593,3.1,107760,3476129.032
Real,ECON12a,Clackmannanshire,2018-19,4.3,1375,31976.74419,3.1,107760,3476129.032
Real,ECON12a,Dumfries & Galloway,2018-19,3,2640,88000,3.1,107760,3476129.032
Real,ECON12a,Dundee City,2018-19,4.7,4660,99148.93617,3.1,107760,3476129.032
Real,ECON12a,East Ayrshire,2018-19,5,3815,76300,3.1,107760,3476129.032
Real,ECON12a,East Dunbartonshire,2018-19,1.9,1210,63684.21053,3.1,107760,3476129.032
Real,ECON12a,East Lothian,2018-19,2.9,1890,65172.41379,3.1,107760,3476129.032
Real,ECON12a,East Renfrewshire,2018-19,1.5,835,55666.66667,3.1,107760,3476129.032
Real,ECON12a,Edinburgh City,2018-19,1.5,5525,368333.3333,3.1,107760,3476129.032
Real,ECON12a,Eilean Siar,2018-19,2.3,350,15217.3913,3.1,107760,3476129.032
Real,ECON12a,Falkirk,2018-19,3.4,3475,102205.8824,3.1,107760,3476129.032
Real,ECON12a,Fife,2018-19,3.9,9125,233974.359,3.1,107760,3476129.032
Real,ECON12a,Glasgow City,2018-19,3.6,16090,446944.4444,3.1,107760,3476129.032
Real,ECON12a,Highland,2018-19,2.7,3840,142222.2222,3.1,107760,3476129.032
Real,ECON12a,Inverclyde,2018-19,5.1,2490,48823.52941,3.1,107760,3476129.032
Real,ECON12a,Midlothian,2018-19,2.6,1460,56153.84615,3.1,107760,3476129.032
Real,ECON12a,Moray,2018-19,2.6,1530,58846.15385,3.1,107760,3476129.032
Real,ECON12a,North Ayrshire,2018-19,5.7,4650,81578.94737,3.1,107760,3476129.032
Real,ECON12a,North Lanarkshire,2018-19,3.9,8515,218333.3333,3.1,107760,3476129.032
Real,ECON12a,Orkney Islands,2018-19,1.4,195,13928.57143,3.1,107760,3476129.032
Real,ECON12a,Perth & Kinross,2018-19,1.9,1760,92631.57895,3.1,107760,3476129.032
Real,ECON12a,Renfrewshire,2018-19,3.2,3710,115937.5,3.1,107760,3476129.032
Real,ECON12a,Scottish Borders,2018-19,2.6,1740,66923.07692,3.1,107760,3476129.032
Real,ECON12a,Shetland Islands,2018-19,1.4,190,13571.42857,3.1,107760,3476129.032
Real,ECON12a,South Ayrshire,2018-19,4,2640,66000,3.1,107760,3476129.032
Real,ECON12a,South Lanarkshire,2018-19,3.6,7260,201666.6667,3.1,107760,3476129.032
Real,ECON12a,Stirling,2018-19,2.6,1545,59423.07692,3.1,107760,3476129.032
Real,ECON12a,West Dunbartonshire,2018-19,4.2,2350,55952.38095,3.1,107760,3476129.032
Real,ECON12a,West Lothian,2018-19,2.8,3315,118392.8571,3.1,107760,3476129.032
Real,ECON12a,Aberdeen City,2019-20,2.7,4165,154259.2593,3.3,114650,3474242.424
Real,ECON12a,Aberdeenshire,2019-20,1.8,2955,164166.6667,3.3,114650,3474242.424
Real,ECON12a,Angus,2019-20,2.9,2030,70000,3.3,114650,3474242.424
Real,ECON12a,Argyll & Bute,2019-20,3,1510,50333.33333,3.3,114650,3474242.424
Real,ECON12a,Clackmannanshire,2019-20,4.2,1350,32142.85714,3.3,114650,3474242.424
Real,ECON12a,Dumfries & Galloway,2019-20,3.3,2910,88181.81818,3.3,114650,3474242.424
Real,ECON12a,Dundee City,2019-20,4.5,4435,98555.55556,3.3,114650,3474242.424
Real,ECON12a,East Ayrshire,2019-20,4.8,3610,75208.33333,3.3,114650,3474242.424
Real,ECON12a,East Dunbartonshire,2019-20,1.9,1235,65000,3.3,114650,3474242.424
Real,ECON12a,East Lothian,2019-20,2.6,1720,66153.84615,3.3,114650,3474242.424
Real,ECON12a,East Renfrewshire,2019-20,1.7,975,57352.94118,3.3,114650,3474242.424
Real,ECON12a,Edinburgh City,2019-20,2,7285,364250,3.3,114650,3474242.424
Real,ECON12a,Eilean Siar,2019-20,3,465,15500,3.3,114650,3474242.424
Real,ECON12a,Falkirk,2019-20,3.3,3325,100757.5758,3.3,114650,3474242.424
Real,ECON12a,Fife,2019-20,3.8,8810,231842.1053,3.3,114650,3474242.424
Real,ECON12a,Glasgow City,2019-20,4.5,20295,451000,3.3,114650,3474242.424
Real,ECON12a,Highland,2019-20,2.5,3660,146400,3.3,114650,3474242.424
Real,ECON12a,Inverclyde,2019-20,4.5,2215,49222.22222,3.3,114650,3474242.424
Real,ECON12a,Midlothian,2019-20,2.6,1495,57500,3.3,114650,3474242.424
Real,ECON12a,Moray,2019-20,2.7,1575,58333.33333,3.3,114650,3474242.424
Real,ECON12a,North Ayrshire,2019-20,5.5,4495,81727.27273,3.3,114650,3474242.424
Real,ECON12a,North Lanarkshire,2019-20,3.7,8225,222297.2973,3.3,114650,3474242.424
Real,ECON12a,Orkney Islands,2019-20,1.5,200,13333.33333,3.3,114650,3474242.424
Real,ECON12a,Perth & Kinross,2019-20,2,1860,93000,3.3,114650,3474242.424
Real,ECON12a,Renfrewshire,2019-20,3.5,4015,114714.2857,3.3,114650,3474242.424
Real,ECON12a,Scottish Borders,2019-20,2.8,1900,67857.14286,3.3,114650,3474242.424
Real,ECON12a,Shetland Islands,2019-20,1.9,265,13947.36842,3.3,114650,3474242.424
Real,ECON12a,South Ayrshire,2019-20,4.2,2755,65595.2381,3.3,114650,3474242.424
Real,ECON12a,South Lanarkshire,2019-20,3.5,7045,201285.7143,3.3,114650,3474242.424
Real,ECON12a,Stirling,2019-20,2.5,1530,61200,3.3,114650,3474242.424
Real,ECON12a,West Dunbartonshire,2019-20,5.1,2885,56568.62745,3.3,114650,3474242.424
Real,ECON12a,West Lothian,2019-20,2.9,3450,118965.5172,3.3,114650,3474242.424
Real,ECON12a,Aberdeen City,2020-21,6.2,9675,156048.3871,6.1,211930,3474262.295
Real,ECON12a,Aberdeenshire,2020-21,4.1,6560,160000,6.1,211930,3474262.295
Real,ECON12a,Angus,2020-21,5.4,3760,69629.62963,6.1,211930,3474262.295
Real,ECON12a,Argyll & Bute,2020-21,5.7,2875,50438.59649,6.1,211930,3474262.295
Real,ECON12a,Clackmannanshire,2020-21,6.4,2070,32343.75,6.1,211930,3474262.295
Real,ECON12a,Dumfries & Galloway,2020-21,5.4,4670,86481.48148,6.1,211930,3474262.295
Real,ECON12a,Dundee City,2020-21,6.9,6880,99710.14493,6.1,211930,3474262.295
Real,ECON12a,East Ayrshire,2020-21,7.5,5680,75733.33333,6.1,211930,3474262.295
Real,ECON12a,East Dunbartonshire,2020-21,3.9,2555,65512.82051,6.1,211930,3474262.295
Real,ECON12a,East Lothian,2020-21,5.3,3485,65754.71698,6.1,211930,3474262.295
Real,ECON12a,East Renfrewshire,2020-21,3.7,2125,57432.43243,6.1,211930,3474262.295
Real,ECON12a,Edinburgh City,2020-21,5,18425,368500,6.1,211930,3474262.295
Real,ECON12a,Eilean Siar,2020-21,5,775,15500,6.1,211930,3474262.295
Real,ECON12a,Falkirk,2020-21,5.9,6035,102288.1356,6.1,211930,3474262.295
Real,ECON12a,Fife,2020-21,6.4,14800,231250,6.1,211930,3474262.295
Real,ECON12a,Glasgow City,2020-21,8.2,36590,446219.5122,6.1,211930,3474262.295
Real,ECON12a,Highland,2020-21,5.4,7765,143796.2963,6.1,211930,3474262.295
Real,ECON12a,Inverclyde,2020-21,6.2,3030,48870.96774,6.1,211930,3474262.295
Real,ECON12a,Midlothian,2020-21,5.4,3090,57222.22222,6.1,211930,3474262.295
Real,ECON12a,Moray,2020-21,5.1,3015,59117.64706,6.1,211930,3474262.295
Real,ECON12a,North Ayrshire,2020-21,8.3,6760,81445.78313,6.1,211930,3474262.295
Real,ECON12a,North Lanarkshire,2020-21,6.6,14415,218409.0909,6.1,211930,3474262.295
Real,ECON12a,Orkney Islands,2020-21,2.9,385,13275.86207,6.1,211930,3474262.295
Real,ECON12a,Perth & Kinross,2020-21,4.5,4170,92666.66667,6.1,211930,3474262.295
Real,ECON12a,Renfrewshire,2020-21,6.3,7240,114920.6349,6.1,211930,3474262.295
Real,ECON12a,Scottish Borders,2020-21,5.4,3630,67222.22222,6.1,211930,3474262.295
Real,ECON12a,Shetland Islands,2020-21,3.2,445,13906.25,6.1,211930,3474262.295
Real,ECON12a,South Ayrshire,2020-21,7,4620,66000,6.1,211930,3474262.295
Real,ECON12a,South Lanarkshire,2020-21,6.3,12645,200714.2857,6.1,211930,3474262.295
Real,ECON12a,Stirling,2020-21,4.5,2730,60666.66667,6.1,211930,3474262.295
Real,ECON12a,West Dunbartonshire,2020-21,8,4515,56437.5,6.1,211930,3474262.295
Real,ECON12a,West Lothian,2020-21,5.6,6530,116607.1429,6.1,211930,3474262.295
Real,ECON12a,Aberdeen City,2021-22,3.9,6050,155128.2051,3.7,129185,3491486.486
Real,ECON12a,Aberdeenshire,2021-22,2.4,3865,161041.6667,3.7,129185,3491486.486
Real,ECON12a,Angus,2021-22,3.2,2195,68593.75,3.7,129185,3491486.486
Real,ECON12a,Argyll & Bute,2021-22,3.5,1755,50142.85714,3.7,129185,3491486.486
Real,ECON12a,Clackmannanshire,2021-22,4,1270,31750,3.7,129185,3491486.486
Real,ECON12a,Dumfries & Galloway,2021-22,3.4,2930,86176.47059,3.7,129185,3491486.486
Real,ECON12a,Dundee City,2021-22,4.6,4595,99891.30435,3.7,129185,3491486.486
Real,ECON12a,East Ayrshire,2021-22,5,3755,75100,3.7,129185,3491486.486
Real,ECON12a,East Dunbartonshire,2021-22,2.3,1475,64130.43478,3.7,129185,3491486.486
Real,ECON12a,East Lothian,2021-22,2.8,1875,66964.28571,3.7,129185,3491486.486
Real,ECON12a,East Renfrewshire,2021-22,2,1110,55500,3.7,129185,3491486.486
Real,ECON12a,Edinburgh City,2021-22,2.7,10040,371851.8519,3.7,129185,3491486.486
Real,ECON12a,Eilean Siar,2021-22,2.9,450,15517.24138,3.7,129185,3491486.486
Real,ECON12a,Falkirk,2021-22,3.5,3560,101714.2857,3.7,129185,3491486.486
Real,ECON12a,Fife,2021-22,4,9380,234500,3.7,129185,3491486.486
Real,ECON12a,Glasgow City,2021-22,5.4,24300,450000,3.7,129185,3491486.486
Real,ECON12a,Highland,2021-22,2.9,4155,143275.8621,3.7,129185,3491486.486
Real,ECON12a,Inverclyde,2021-22,4.4,2105,47840.90909,3.7,129185,3491486.486
Real,ECON12a,Midlothian,2021-22,2.7,1530,56666.66667,3.7,129185,3491486.486
Real,ECON12a,Moray,2021-22,3,1740,58000,3.7,129185,3491486.486
Real,ECON12a,North Ayrshire,2021-22,5.3,4280,80754.71698,3.7,129185,3491486.486
Real,ECON12a,North Lanarkshire,2021-22,4.1,8905,217195.122,3.7,129185,3491486.486
Real,ECON12a,Orkney Islands,2021-22,1.8,245,13611.11111,3.7,129185,3491486.486
Real,ECON12a,Perth & Kinross,2021-22,2.7,2470,91481.48148,3.7,129185,3491486.486
Real,ECON12a,Renfrewshire,2021-22,3.6,4130,114722.2222,3.7,129185,3491486.486
Real,ECON12a,Scottish Borders,2021-22,3.3,2225,67424.24242,3.7,129185,3491486.486
Real,ECON12a,Shetland Islands,2021-22,2.2,300,13636.36364,3.7,129185,3491486.486
Real,ECON12a,South Ayrshire,2021-22,4.5,2940,65333.33333,3.7,129185,3491486.486
Real,ECON12a,South Lanarkshire,2021-22,3.8,7660,201578.9474,3.7,129185,3491486.486
Real,ECON12a,Stirling,2021-22,2.5,1510,60400,3.7,129185,3491486.486
Real,ECON12a,West Dunbartonshire,2021-22,5.3,2970,56037.73585,3.7,129185,3491486.486
Real,ECON12a,West Lothian,2021-22,2.9,3405,117413.7931,3.7,129185,3491486.486
Real,ECON12b,Aberdeen City,2010-11,2.889076955,990,34267,6.829094732,42610,623948
Real,ECON12b,Aberdeenshire,2010-11,3.332936555,840,25203,6.829094732,42610,623948
Real,ECON12b,Angus,2010-11,6.302703643,725,11503,6.829094732,42610,623948
Real,ECON12b,Argyll & Bute,2010-11,6.113893094,525,8587,6.829094732,42610,623948
Real,ECON12b,Clackmannanshire,2010-11,10.55239493,575,5449,6.829094732,42610,623948
Real,ECON12b,Dumfries & Galloway,2010-11,7.405089695,1065,14382,6.829094732,42610,623948
Real,ECON12b,Dundee City,2010-11,6.899782785,1620,23479,6.829094732,42610,623948
Real,ECON12b,East Ayrshire,2010-11,10.5259324,1445,13728,6.829094732,42610,623948
Real,ECON12b,East Dunbartonshire,2010-11,5.02315017,575,11447,6.829094732,42610,623948
Real,ECON12b,East Lothian,2010-11,6.649445082,695,10452,6.829094732,42610,623948
Real,ECON12b,East Renfrewshire,2010-11,4.515932616,445,9854,6.829094732,42610,623948
Real,ECON12b,Edinburgh City,2010-11,4.139370816,2875,69455,6.829094732,42610,623948
Real,ECON12b,Eilean Siar,2010-11,4.003202562,100,2498,6.829094732,42610,623948
Real,ECON12b,Falkirk,2010-11,8.982590443,1455,16198,6.829094732,42610,623948
Real,ECON12b,Fife,2010-11,7.973429894,3325,41701,6.829094732,42610,623948
Real,ECON12b,Glasgow City,2010-11,7.604302254,6660,87582,6.829094732,42610,623948
Real,ECON12b,Highland,2010-11,5.678476087,1255,22101,6.829094732,42610,623948
Real,ECON12b,Inverclyde,2010-11,8.242950108,760,9220,6.829094732,42610,623948
Real,ECON12b,Midlothian,2010-11,8.844003195,775,8763,6.829094732,42610,623948
Real,ECON12b,Moray,2010-11,6.003256003,590,9828,6.829094732,42610,623948
Real,ECON12b,North Ayrshire,2010-11,10.71980644,1595,14879,6.829094732,42610,623948
Real,ECON12b,North Lanarkshire,2010-11,9.155353266,3500,38229,6.829094732,42610,623948
Real,ECON12b,Orkney Islands,2010-11,2.607871029,55,2109,6.829094732,42610,623948
Real,ECON12b,Perth & Kinross,2010-11,5.119214586,730,14260,6.829094732,42610,623948
Real,ECON12b,Renfrewshire,2010-11,8.037679824,1570,19533,6.829094732,42610,623948
Real,ECON12b,Scottish Borders,2010-11,7.422140293,765,10307,6.829094732,42610,623948
Real,ECON12b,Shetland Islands,2010-11,3.082614057,75,2433,6.829094732,42610,623948
Real,ECON12b,South Ayrshire,2010-11,8.271408351,935,11304,6.829094732,42610,623948
Real,ECON12b,South Lanarkshire,2010-11,8.481942155,2830,33365,6.829094732,42610,623948
Real,ECON12b,Stirling,2010-11,5.320026394,645,12124,6.829094732,42610,623948
Real,ECON12b,West Dunbartonshire,2010-11,10.2907855,1090,10592,6.829094732,42610,623948
Real,ECON12b,West Lothian,2010-11,7.977610379,1525,19116,6.829094732,42610,623948
Real,ECON12b,Aberdeen City,2011-12,2.768106843,970,35042,7.112635882,44885,631060
Real,ECON12b,Aberdeenshire,2011-12,3.068570754,780,25419,7.112635882,44885,631060
Real,ECON12b,Angus,2011-12,6.300163977,730,11587,7.112635882,44885,631060
Real,ECON12b,Argyll & Bute,2011-12,6.19529385,545,8797,7.112635882,44885,631060
Real,ECON12b,Clackmannanshire,2011-12,11.37197359,620,5452,7.112635882,44885,631060
Real,ECON12b,Dumfries & Galloway,2011-12,8.149764714,1195,14663,7.112635882,44885,631060
Real,ECON12b,Dundee City,2011-12,7.12244898,1745,24500,7.112635882,44885,631060
Real,ECON12b,East Ayrshire,2011-12,10.90137548,1490,13668,7.112635882,44885,631060
Real,ECON12b,East Dunbartonshire,2011-12,5.266823366,605,11487,7.112635882,44885,631060
Real,ECON12b,East Lothian,2011-12,6.860409719,720,10495,7.112635882,44885,631060
Real,ECON12b,East Renfrewshire,2011-12,4.423898996,445,10059,7.112635882,44885,631060
Real,ECON12b,Edinburgh City,2011-12,4.456051924,3165,71027,7.112635882,44885,631060
Real,ECON12b,Eilean Siar,2011-12,4.278728606,105,2454,7.112635882,44885,631060
Real,ECON12b,Falkirk,2011-12,8.110745213,1330,16398,7.112635882,44885,631060
Real,ECON12b,Fife,2011-12,8.071961179,3410,42245,7.112635882,44885,631060
Real,ECON12b,Glasgow City,2011-12,7.863319166,6975,88703,7.112635882,44885,631060
Real,ECON12b,Highland,2011-12,5.325124702,1185,22253,7.112635882,44885,631060
Real,ECON12b,Inverclyde,2011-12,9.96567379,900,9031,7.112635882,44885,631060
Real,ECON12b,Midlothian,2011-12,8.683068017,780,8983,7.112635882,44885,631060
Real,ECON12b,Moray,2011-12,6.20801954,610,9826,7.112635882,44885,631060
Real,ECON12b,North Ayrshire,2011-12,11.56743783,1735,14999,7.112635882,44885,631060
Real,ECON12b,North Lanarkshire,2011-12,9.964291341,3795,38086,7.112635882,44885,631060
Real,ECON12b,Orkney Islands,2011-12,3.435639029,75,2183,7.112635882,44885,631060
Real,ECON12b,Perth & Kinross,2011-12,5.210504377,750,14394,7.112635882,44885,631060
Real,ECON12b,Renfrewshire,2011-12,8.938120703,1755,19635,7.112635882,44885,631060
Real,ECON12b,Scottish Borders,2011-12,7.955641273,825,10370,7.112635882,44885,631060
Real,ECON12b,Shetland Islands,2011-12,2.629449838,65,2472,7.112635882,44885,631060
Real,ECON12b,South Ayrshire,2011-12,8.898678414,1010,11350,7.112635882,44885,631060
Real,ECON12b,South Lanarkshire,2011-12,9.234152808,3065,33192,7.112635882,44885,631060
Real,ECON12b,Stirling,2011-12,5.265658405,665,12629,7.112635882,44885,631060
Real,ECON12b,West Dunbartonshire,2011-12,11.89343482,1250,10510,7.112635882,44885,631060
Real,ECON12b,West Lothian,2011-12,8.302438515,1590,19151,7.112635882,44885,631060
Real,ECON12b,Aberdeen City,2012-13,2.035375398,710,34883,6.19539557,38945,628612
Real,ECON12b,Aberdeenshire,2012-13,2.1103704,535,25351,6.19539557,38945,628612
Real,ECON12b,Angus,2012-13,5.284867234,615,11637,6.19539557,38945,628612
Real,ECON12b,Argyll & Bute,2012-13,5.875938939,485,8254,6.19539557,38945,628612
Real,ECON12b,Clackmannanshire,2012-13,10.18707168,550,5399,6.19539557,38945,628612
Real,ECON12b,Dumfries & Galloway,2012-13,7.408166052,1085,14646,6.19539557,38945,628612
Real,ECON12b,Dundee City,2012-13,6.157888255,1500,24359,6.19539557,38945,628612
Real,ECON12b,East Ayrshire,2012-13,10.05267453,1355,13479,6.19539557,38945,628612
Real,ECON12b,East Dunbartonshire,2012-13,4.296409733,505,11754,6.19539557,38945,628612
Real,ECON12b,East Lothian,2012-13,5.970706223,640,10719,6.19539557,38945,628612
Real,ECON12b,East Renfrewshire,2012-13,4.050182752,410,10123,6.19539557,38945,628612
Real,ECON12b,Edinburgh City,2012-13,3.718714448,2615,70320,6.19539557,38945,628612
Real,ECON12b,Eilean Siar,2012-13,3.483606557,85,2440,6.19539557,38945,628612
Real,ECON12b,Falkirk,2012-13,7.661314938,1255,16381,6.19539557,38945,628612
Real,ECON12b,Fife,2012-13,7.655041039,3255,42521,6.19539557,38945,628612
Real,ECON12b,Glasgow City,2012-13,6.861190642,6015,87667,6.19539557,38945,628612
Real,ECON12b,Highland,2012-13,4.414812145,980,22198,6.19539557,38945,628612
Real,ECON12b,Inverclyde,2012-13,8.493394027,765,9007,6.19539557,38945,628612
Real,ECON12b,Midlothian,2012-13,7.729952174,695,8991,6.19539557,38945,628612
Real,ECON12b,Moray,2012-13,4.267352185,415,9725,6.19539557,38945,628612
Real,ECON12b,North Ayrshire,2012-13,10.94817196,1635,14934,6.19539557,38945,628612
Real,ECON12b,North Lanarkshire,2012-13,8.663984644,3295,38031,6.19539557,38945,628612
Real,ECON12b,Orkney Islands,2012-13,3.006475486,65,2162,6.19539557,38945,628612
Real,ECON12b,Perth & Kinross,2012-13,4.144584862,610,14718,6.19539557,38945,628612
Real,ECON12b,Renfrewshire,2012-13,7.764535934,1505,19383,6.19539557,38945,628612
Real,ECON12b,Scottish Borders,2012-13,6.79911274,705,10369,6.19539557,38945,628612
Real,ECON12b,Shetland Islands,2012-13,2.490660025,60,2409,6.19539557,38945,628612
Real,ECON12b,South Ayrshire,2012-13,7.713449774,870,11279,6.19539557,38945,628612
Real,ECON12b,South Lanarkshire,2012-13,8.167216189,2700,33059,6.19539557,38945,628612
Real,ECON12b,Stirling,2012-13,4.14600124,535,12904,6.19539557,38945,628612
Real,ECON12b,West Dunbartonshire,2012-13,10.00483325,1035,10345,6.19539557,38945,628612
Real,ECON12b,West Lothian,2012-13,7.565875294,1450,19165,6.19539557,38945,628612
Real,ECON12b,Aberdeen City,2013-14,1.375336596,475,34537,4.559591968,28455,624069
Real,ECON12b,Aberdeenshire,2013-14,1.432383643,365,25482,4.559591968,28455,624069
Real,ECON12b,Angus,2013-14,3.86838973,455,11762,4.559591968,28455,624069
Real,ECON12b,Argyll & Bute,2013-14,3.91778333,345,8806,4.559591968,28455,624069
Real,ECON12b,Clackmannanshire,2013-14,7.853403141,420,5348,4.559591968,28455,624069
Real,ECON12b,Dumfries & Galloway,2013-14,5.048758559,730,14459,4.559591968,28455,624069
Real,ECON12b,Dundee City,2013-14,4.74198625,1145,24146,4.559591968,28455,624069
Real,ECON12b,East Ayrshire,2013-14,7.830061442,1045,13346,4.559591968,28455,624069
Real,ECON12b,East Dunbartonshire,2013-14,2.595380223,300,11559,4.559591968,28455,624069
Real,ECON12b,East Lothian,2013-14,4.466362706,480,10747,4.559591968,28455,624069
Real,ECON12b,East Renfrewshire,2013-14,2.518767286,255,10124,4.559591968,28455,624069
Real,ECON12b,Edinburgh City,2013-14,2.785957619,1930,69276,4.559591968,28455,624069
Real,ECON12b,Eilean Siar,2013-14,3.265306122,80,2450,4.559591968,28455,624069
Real,ECON12b,Falkirk,2013-14,5.659448819,920,16256,4.559591968,28455,624069
Real,ECON12b,Fife,2013-14,5.65650852,2400,42429,4.559591968,28455,624069
Real,ECON12b,Glasgow City,2013-14,5.13883036,4390,85428,4.559591968,28455,624069
Real,ECON12b,Highland,2013-14,3.264861924,720,22053,4.559591968,28455,624069
Real,ECON12b,Inverclyde,2013-14,5.730981009,510,8899,4.559591968,28455,624069
Real,ECON12b,Midlothian,2013-14,5.684376407,505,8884,4.559591968,28455,624069
Real,ECON12b,Moray,2013-14,3.113387567,310,9957,4.559591968,28455,624069
Real,ECON12b,North Ayrshire,2013-14,7.809330629,1155,14790,4.559591968,28455,624069
Real,ECON12b,North Lanarkshire,2013-14,6.601357239,2500,37871,4.559591968,28455,624069
Real,ECON12b,Orkney Islands,2013-14,2.056672761,45,2188,4.559591968,28455,624069
Real,ECON12b,Perth & Kinross,2013-14,3.167143441,465,14682,4.559591968,28455,624069
Real,ECON12b,Renfrewshire,2013-14,5.501668753,1055,19176,4.559591968,28455,624069
Real,ECON12b,Scottish Borders,2013-14,5.038871293,525,10419,4.559591968,28455,624069
Real,ECON12b,Shetland Islands,2013-14,1.461377871,35,2395,4.559591968,28455,624069
Real,ECON12b,South Ayrshire,2013-14,5.650974459,635,11237,4.559591968,28455,624069
Real,ECON12b,South Lanarkshire,2013-14,6.125158409,2030,33142,4.559591968,28455,624069
Real,ECON12b,Stirling,2013-14,3.065368994,400,13049,4.559591968,28455,624069
Real,ECON12b,West Dunbartonshire,2013-14,7.744672455,785,10136,4.559591968,28455,624069
Real,ECON12b,West Lothian,2013-14,5.489598655,1045,19036,4.559591968,28455,624069
Real,ECON12b,Aberdeen City,2014-15,0.989367986,335,33860,3.196937151,19765,618248
Real,ECON12b,Aberdeenshire,2014-15,1.118787784,285,25474,3.196937151,19765,618248
Real,ECON12b,Angus,2014-15,2.883555254,340,11791,3.196937151,19765,618248
Real,ECON12b,Argyll & Bute,2014-15,2.629472962,230,8747,3.196937151,19765,618248
Real,ECON12b,Clackmannanshire,2014-15,5.036373811,270,5361,3.196937151,19765,618248
Real,ECON12b,Dumfries & Galloway,2014-15,3.181629548,460,14458,3.196937151,19765,618248
Real,ECON12b,Dundee City,2014-15,3.516624041,825,23460,3.196937151,19765,618248
Real,ECON12b,East Ayrshire,2014-15,5.683540467,750,13196,3.196937151,19765,618248
Real,ECON12b,East Dunbartonshire,2014-15,2.027784969,235,11589,3.196937151,19765,618248
Real,ECON12b,East Lothian,2014-15,2.935420744,315,10731,3.196937151,19765,618248
Real,ECON12b,East Renfrewshire,2014-15,1.817467335,185,10179,3.196937151,19765,618248
Real,ECON12b,Edinburgh City,2014-15,1.791797549,1215,67809,3.196937151,19765,618248
Real,ECON12b,Eilean Siar,2014-15,2.159827214,50,2315,3.196937151,19765,618248
Real,ECON12b,Falkirk,2014-15,3.735913768,610,16328,3.196937151,19765,618248
Real,ECON12b,Fife,2014-15,4.074658254,1705,41844,3.196937151,19765,618248
Real,ECON12b,Glasgow City,2014-15,3.914968788,3280,83781,3.196937151,19765,618248
Real,ECON12b,Highland,2014-15,2.385171051,525,22011,3.196937151,19765,618248
Real,ECON12b,Inverclyde,2014-15,4.699140401,410,8725,3.196937151,19765,618248
Real,ECON12b,Midlothian,2014-15,3.224730346,290,8993,3.196937151,19765,618248
Real,ECON12b,Moray,2014-15,2.517876926,250,9929,3.196937151,19765,618248
Real,ECON12b,North Ayrshire,2014-15,5.851355051,855,14612,3.196937151,19765,618248
Real,ECON12b,North Lanarkshire,2014-15,4.716106298,1780,37743,3.196937151,19765,618248
Real,ECON12b,Orkney Islands,2014-15,1.167678655,25,2141,3.196937151,19765,618248
Real,ECON12b,Perth & Kinross,2014-15,2.015596088,305,15132,3.196937151,19765,618248
Real,ECON12b,Renfrewshire,2014-15,3.494862031,670,19171,3.196937151,19765,618248
Real,ECON12b,Scottish Borders,2014-15,3.06308031,320,10447,3.196937151,19765,618248
Real,ECON12b,Shetland Islands,2014-15,1.043405676,25,2396,3.196937151,19765,618248
Real,ECON12b,South Ayrshire,2014-15,3.708999911,415,11189,3.196937151,19765,618248
Real,ECON12b,South Lanarkshire,2014-15,4.062822145,1340,32982,3.196937151,19765,618248
Real,ECON12b,Stirling,2014-15,2.030456853,260,12805,3.196937151,19765,618248
Real,ECON12b,West Dunbartonshire,2014-15,5.377414858,540,10042,3.196937151,19765,618248
Real,ECON12b,West Lothian,2014-15,3.551323197,675,19007,3.196937151,19765,618248
Real,ECON12b,Aberdeen City,2015-16,1.511304558,500,33084,2.965549871,18240,615063
Real,ECON12b,Aberdeenshire,2015-16,1.971997634,500,25355,2.965549871,18240,615063
Real,ECON12b,Angus,2015-16,3.203759077,375,11705,2.965549871,18240,615063
Real,ECON12b,Argyll & Bute,2015-16,2.182653647,190,8705,2.965549871,18240,615063
Real,ECON12b,Clackmannanshire,2015-16,4.664179104,250,5360,2.965549871,18240,615063
Real,ECON12b,Dumfries & Galloway,2015-16,2.968084363,425,14319,2.965549871,18240,615063
Real,ECON12b,Dundee City,2015-16,3.658805378,830,22685,2.965549871,18240,615063
Real,ECON12b,East Ayrshire,2015-16,4.276467869,555,12978,2.965549871,18240,615063
Real,ECON12b,East Dunbartonshire,2015-16,1.587301587,180,11340,2.965549871,18240,615063
Real,ECON12b,East Lothian,2015-16,2.544882473,275,10806,2.965549871,18240,615063
Real,ECON12b,East Renfrewshire,2015-16,1.194624191,120,10045,2.965549871,18240,615063
Real,ECON12b,Edinburgh City,2015-16,1.560410165,1050,67290,2.965549871,18240,615063
Real,ECON12b,Eilean Siar,2015-16,2.39965096,55,2292,2.965549871,18240,615063
Real,ECON12b,Falkirk,2015-16,3.462858544,565,16316,2.965549871,18240,615063
Real,ECON12b,Fife,2015-16,3.316332639,1385,41763,2.965549871,18240,615063
Real,ECON12b,Glasgow City,2015-16,3.589117795,3000,83586,2.965549871,18240,615063
Real,ECON12b,Highland,2015-16,2.311697639,515,22278,2.965549871,18240,615063
Real,ECON12b,Inverclyde,2015-16,3.953948134,340,8599,2.965549871,18240,615063
Real,ECON12b,Midlothian,2015-16,2.749065318,250,9094,2.965549871,18240,615063
Real,ECON12b,Moray,2015-16,2.805049088,280,9982,2.965549871,18240,615063
Real,ECON12b,North Ayrshire,2015-16,5.845354481,855,14627,2.965549871,18240,615063
Real,ECON12b,North Lanarkshire,2015-16,4.217506631,1590,37700,2.965549871,18240,615063
Real,ECON12b,Orkney Islands,2015-16,1.691638473,35,2069,2.965549871,18240,615063
Real,ECON12b,Perth & Kinross,2015-16,1.675757377,255,15217,2.965549871,18240,615063
Real,ECON12b,Renfrewshire,2015-16,3.210019471,610,19003,2.965549871,18240,615063
Real,ECON12b,Scottish Borders,2015-16,3.291384318,340,10330,2.965549871,18240,615063
Real,ECON12b,Shetland Islands,2015-16,1.670146138,40,2395,2.965549871,18240,615063
Real,ECON12b,South Ayrshire,2015-16,3.411261712,375,10993,2.965549871,18240,615063
Real,ECON12b,South Lanarkshire,2015-16,3.481156349,1150,33035,2.965549871,18240,615063
Real,ECON12b,Stirling,2015-16,1.972386588,260,13182,2.965549871,18240,615063
Real,ECON12b,West Dunbartonshire,2015-16,5.583756345,550,9850,2.965549871,18240,615063
Real,ECON12b,West Lothian,2015-16,2.908805031,555,19080,2.965549871,18240,615063
Real,ECON12b,Aberdeen City,2016-17,2.048981963,635,30991,3.013070087,18295,607188
Real,ECON12b,Aberdeenshire,2016-17,2.201849554,550,24979,3.013070087,18295,607188
Real,ECON12b,Angus,2016-17,3.781950965,435,11502,3.013070087,18295,607188
Real,ECON12b,Argyll & Bute,2016-17,2.172421678,190,8746,3.013070087,18295,607188
Real,ECON12b,Clackmannanshire,2016-17,4.652028284,250,5374,3.013070087,18295,607188
Real,ECON12b,Dumfries & Galloway,2016-17,2.674559589,375,14021,3.013070087,18295,607188
Real,ECON12b,Dundee City,2016-17,3.570276869,775,21707,3.013070087,18295,607188
Real,ECON12b,East Ayrshire,2016-17,4.974338729,630,12665,3.013070087,18295,607188
Real,ECON12b,East Dunbartonshire,2016-17,1.88781014,210,11124,3.013070087,18295,607188
Real,ECON12b,East Lothian,2016-17,2.97314875,320,10763,3.013070087,18295,607188
Real,ECON12b,East Renfrewshire,2016-17,1.791044776,180,10050,3.013070087,18295,607188
Real,ECON12b,Edinburgh City,2016-17,1.426362176,950,66603,3.013070087,18295,607188
Real,ECON12b,Eilean Siar,2016-17,1.981505945,45,2271,3.013070087,18295,607188
Real,ECON12b,Falkirk,2016-17,3.64986081,590,16165,3.013070087,18295,607188
Real,ECON12b,Fife,2016-17,3.584401838,1490,41569,3.013070087,18295,607188
Real,ECON12b,Glasgow City,2016-17,3.433070111,2865,83453,3.013070087,18295,607188
Real,ECON12b,Highland,2016-17,2.360096219,520,22033,3.013070087,18295,607188
Real,ECON12b,Inverclyde,2016-17,3.948312994,330,8358,3.013070087,18295,607188
Real,ECON12b,Midlothian,2016-17,2.846617549,255,8958,3.013070087,18295,607188
Real,ECON12b,Moray,2016-17,3.215434084,320,9952,3.013070087,18295,607188
Real,ECON12b,North Ayrshire,2016-17,5.557099194,800,14396,3.013070087,18295,607188
Real,ECON12b,North Lanarkshire,2016-17,3.915888853,1460,37284,3.013070087,18295,607188
Real,ECON12b,Orkney Islands,2016-17,1.75,35,2000,3.013070087,18295,607188
Real,ECON12b,Perth & Kinross,2016-17,1.898987207,285,15008,3.013070087,18295,607188
Real,ECON12b,Renfrewshire,2016-17,3.255001588,615,18894,3.013070087,18295,607188
Real,ECON12b,Scottish Borders,2016-17,2.922015712,305,10438,3.013070087,18295,607188
Real,ECON12b,Shetland Islands,2016-17,1.69707255,40,2357,3.013070087,18295,607188
Real,ECON12b,South Ayrshire,2016-17,3.628513687,395,10886,3.013070087,18295,607188
Real,ECON12b,South Lanarkshire,2016-17,3.439735828,1125,32706,3.013070087,18295,607188
Real,ECON12b,Stirling,2016-17,1.872939766,250,13348,3.013070087,18295,607188
Real,ECON12b,West Dunbartonshire,2016-17,4.655493482,450,9666,3.013070087,18295,607188
Real,ECON12b,West Lothian,2016-17,3.276782411,620,18921,3.013070087,18295,607188
Real,ECON12b,Aberdeen City,2017-18,2.133860727,615,28821,3.067272706,18200,593361
Real,ECON12b,Aberdeenshire,2017-18,1.994571476,485,24316,3.067272706,18200,593361
Real,ECON12b,Angus,2017-18,4.164082573,470,11287,3.067272706,18200,593361
Real,ECON12b,Argyll & Bute,2017-18,2.21419415,190,8581,3.067272706,18200,593361
Real,ECON12b,Clackmannanshire,2017-18,5.830355464,310,5317,3.067272706,18200,593361
Real,ECON12b,Dumfries & Galloway,2017-18,2.629464612,360,13691,3.067272706,18200,593361
Real,ECON12b,Dundee City,2017-18,3.965978593,830,20928,3.067272706,18200,593361
Real,ECON12b,East Ayrshire,2017-18,5.032059086,620,12321,3.067272706,18200,593361
Real,ECON12b,East Dunbartonshire,2017-18,2.032332564,220,10825,3.067272706,18200,593361
Real,ECON12b,East Lothian,2017-18,3.212196759,335,10429,3.067272706,18200,593361
Real,ECON12b,East Renfrewshire,2017-18,1.622388968,160,9862,3.067272706,18200,593361
Real,ECON12b,Edinburgh City,2017-18,1.251908397,820,65500,3.067272706,18200,593361
Real,ECON12b,Eilean Siar,2017-18,1.812415043,40,2207,3.067272706,18200,593361
Real,ECON12b,Falkirk,2017-18,3.822487414,615,16089,3.067272706,18200,593361
Real,ECON12b,Fife,2017-18,3.888458184,1605,41276,3.067272706,18200,593361
Real,ECON12b,Glasgow City,2017-18,3.188405797,2585,81075,3.067272706,18200,593361
Real,ECON12b,Highland,2017-18,3.088962109,675,21852,3.067272706,18200,593361
Real,ECON12b,Inverclyde,2017-18,6.000989854,485,8082,3.067272706,18200,593361
Real,ECON12b,Midlothian,2017-18,3.505201266,310,8844,3.067272706,18200,593361
Real,ECON12b,Moray,2017-18,3.426435469,330,9631,3.067272706,18200,593361
Real,ECON12b,North Ayrshire,2017-18,5.48831973,780,14212,3.067272706,18200,593361
Real,ECON12b,North Lanarkshire,2017-18,3.827295015,1405,36710,3.067272706,18200,593361
Real,ECON12b,Orkney Islands,2017-18,1.274859765,25,1961,3.067272706,18200,593361
Real,ECON12b,Perth & Kinross,2017-18,1.908527026,280,14671,3.067272706,18200,593361
Real,ECON12b,Renfrewshire,2017-18,3.10441637,575,18522,3.067272706,18200,593361
Real,ECON12b,Scottish Borders,2017-18,2.701920293,280,10363,3.067272706,18200,593361
Real,ECON12b,Shetland Islands,2017-18,1.116569897,25,2239,3.067272706,18200,593361
Real,ECON12b,South Ayrshire,2017-18,3.400093153,365,10735,3.067272706,18200,593361
Real,ECON12b,South Lanarkshire,2017-18,3.48078544,1115,32033,3.067272706,18200,593361
Real,ECON12b,Stirling,2017-18,2.434124102,315,12941,3.067272706,18200,593361
Real,ECON12b,West Dunbartonshire,2017-18,4.592608602,425,9254,3.067272706,18200,593361
Real,ECON12b,West Lothian,2017-18,2.927712126,550,18786,3.067272706,18200,593361
Real,ECON12b,Aberdeen City,2018-19,2.083561794,570,27357,3.601483935,20940,581427
Real,ECON12b,Aberdeenshire,2018-19,2.546689304,600,23560,3.601483935,20940,581427
Real,ECON12b,Angus,2018-19,4.963570128,545,10980,3.601483935,20940,581427
Real,ECON12b,Argyll & Bute,2018-19,2.805635148,235,8376,3.601483935,20940,581427
Real,ECON12b,Clackmannanshire,2018-19,6.6486799,345,5189,3.601483935,20940,581427
Real,ECON12b,Dumfries & Galloway,2018-19,4.04676259,540,13344,3.601483935,20940,581427
Real,ECON12b,Dundee City,2018-19,4.700751151,970,20635,3.601483935,20940,581427
Real,ECON12b,East Ayrshire,2018-19,6.46873445,780,12058,3.601483935,20940,581427
Real,ECON12b,East Dunbartonshire,2018-19,2.221172023,235,10580,3.601483935,20940,581427
Real,ECON12b,East Lothian,2018-19,3.369005153,340,10092,3.601483935,20940,581427
Real,ECON12b,East Renfrewshire,2018-19,1.854140915,180,9708,3.601483935,20940,581427
Real,ECON12b,Edinburgh City,2018-19,1.290818287,840,65075,3.601483935,20940,581427
Real,ECON12b,Eilean Siar,2018-19,3.24524803,70,2157,3.601483935,20940,581427
Real,ECON12b,Falkirk,2018-19,4.585111125,720,15703,3.601483935,20940,581427
Real,ECON12b,Fife,2018-19,4.760020771,1925,40441,3.601483935,20940,581427
Real,ECON12b,Glasgow City,2018-19,3.320569958,2645,79655,3.601483935,20940,581427
Real,ECON12b,Highland,2018-19,3.20379846,695,21693,3.601483935,20940,581427
Real,ECON12b,Inverclyde,2018-19,6.491002571,505,7780,3.601483935,20940,581427
Real,ECON12b,Midlothian,2018-19,3.492899679,305,8732,3.601483935,20940,581427
Real,ECON12b,Moray,2018-19,3.889184869,365,9385,3.601483935,20940,581427
Real,ECON12b,North Ayrshire,2018-19,6.630152782,920,13876,3.601483935,20940,581427
Real,ECON12b,North Lanarkshire,2018-19,4.694317115,1700,36214,3.601483935,20940,581427
Real,ECON12b,Orkney Islands,2018-19,2.899314707,55,1897,3.601483935,20940,581427
Real,ECON12b,Perth & Kinross,2018-19,2.688362221,380,14135,3.601483935,20940,581427
Real,ECON12b,Renfrewshire,2018-19,3.458498024,630,18216,3.601483935,20940,581427
Real,ECON12b,Scottish Borders,2018-19,3.66282477,375,10238,3.601483935,20940,581427
Real,ECON12b,Shetland Islands,2018-19,1.832340815,40,2183,3.601483935,20940,581427
Real,ECON12b,South Ayrshire,2018-19,5.327245053,560,10512,3.601483935,20940,581427
Real,ECON12b,South Lanarkshire,2018-19,4.45732115,1400,31409,3.601483935,20940,581427
Real,ECON12b,Stirling,2018-19,2.631992458,335,12728,3.601483935,20940,581427
Real,ECON12b,West Dunbartonshire,2018-19,4.416368515,395,8944,3.601483935,20940,581427
Real,ECON12b,West Lothian,2018-19,3.903095559,725,18575,3.601483935,20940,581427
Real,ECON12b,Aberdeen City,2019-20,3.022548583,815,26964,3.875570398,22235,573722
Real,ECON12b,Aberdeenshire,2019-20,2.878867792,655,22752,3.875570398,22235,573722
Real,ECON12b,Angus,2019-20,4.058971727,435,10717,3.875570398,22235,573722
Real,ECON12b,Argyll & Bute,2019-20,2.994743919,245,8181,3.875570398,22235,573722
Real,ECON12b,Clackmannanshire,2019-20,6.768687463,345,5097,3.875570398,22235,573722
Real,ECON12b,Dumfries & Galloway,2019-20,4.51818665,595,13169,3.875570398,22235,573722
Real,ECON12b,Dundee City,2019-20,4.71720703,985,20881,3.875570398,22235,573722
Real,ECON12b,East Ayrshire,2019-20,6.027676373,710,11779,3.875570398,22235,573722
Real,ECON12b,East Dunbartonshire,2019-20,2.387216214,245,10263,3.875570398,22235,573722
Real,ECON12b,East Lothian,2019-20,3.443313804,335,9729,3.875570398,22235,573722
Real,ECON12b,East Renfrewshire,2019-20,1.987032002,190,9562,3.875570398,22235,573722
Real,ECON12b,Edinburgh City,2019-20,1.731728342,1125,64964,3.875570398,22235,573722
Real,ECON12b,Eilean Siar,2019-20,3.12049928,65,2083,3.875570398,22235,573722
Real,ECON12b,Falkirk,2019-20,4.333868379,675,15575,3.875570398,22235,573722
Real,ECON12b,Fife,2019-20,4.605476648,1845,40061,3.875570398,22235,573722
Real,ECON12b,Glasgow City,2019-20,4.275325978,3410,79760,3.875570398,22235,573722
Real,ECON12b,Highland,2019-20,3.131032534,665,21239,3.875570398,22235,573722
Real,ECON12b,Inverclyde,2019-20,5.784146181,440,7607,3.875570398,22235,573722
Real,ECON12b,Midlothian,2019-20,3.802503803,325,8547,3.875570398,22235,573722
Real,ECON12b,Moray,2019-20,3.828731665,355,9272,3.875570398,22235,573722
Real,ECON12b,North Ayrshire,2019-20,6.465517241,870,13456,3.875570398,22235,573722
Real,ECON12b,North Lanarkshire,2019-20,4.59405279,1650,35916,3.875570398,22235,573722
Real,ECON12b,Orkney Islands,2019-20,2.436383324,45,1847,3.875570398,22235,573722
Real,ECON12b,Perth & Kinross,2019-20,2.619324796,360,13744,3.875570398,22235,573722
Real,ECON12b,Renfrewshire,2019-20,4.23634954,765,18058,3.875570398,22235,573722
Real,ECON12b,Scottish Borders,2019-20,4.252793987,430,10111,3.875570398,22235,573722
Real,ECON12b,Shetland Islands,2019-20,2.88184438,60,2082,3.875570398,22235,573722
Real,ECON12b,South Ayrshire,2019-20,5.532906232,570,10302,3.875570398,22235,573722
Real,ECON12b,South Lanarkshire,2019-20,4.399350649,1355,30800,3.875570398,22235,573722
Real,ECON12b,Stirling,2019-20,2.639486721,325,12313,3.875570398,22235,573722
Real,ECON12b,West Dunbartonshire,2019-20,6.485307622,565,8712,3.875570398,22235,573722
Real,ECON12b,West Lothian,2019-20,4.26316079,775,18179,3.875570398,22235,573722
Real,ECON12b,Aberdeen City,2020-21,6.58618988,1735,26343,7.173450559,40665,566882
Real,ECON12b,Aberdeenshire,2020-21,5.93220339,1330,22420,7.173450559,40665,566882
Real,ECON12b,Angus,2020-21,7.303053147,775,10612,7.173450559,40665,566882
Real,ECON12b,Argyll & Bute,2020-21,6.09530846,495,8121,7.173450559,40665,566882
Real,ECON12b,Clackmannanshire,2020-21,9.264853978,460,4965,7.173450559,40665,566882
Real,ECON12b,Dumfries & Galloway,2020-21,6.801657415,870,12791,7.173450559,40665,566882
Real,ECON12b,Dundee City,2020-21,7.26857254,1495,20568,7.173450559,40665,566882
Real,ECON12b,East Ayrshire,2020-21,10.08832698,1165,11548,7.173450559,40665,566882
Real,ECON12b,East Dunbartonshire,2020-21,4.845727848,490,10112,7.173450559,40665,566882
Real,ECON12b,East Lothian,2020-21,7.375248457,705,9559,7.173450559,40665,566882
Real,ECON12b,East Renfrewshire,2020-21,4.434936867,425,9583,7.173450559,40665,566882
Real,ECON12b,Edinburgh City,2020-21,4.536782839,2925,64473,7.173450559,40665,566882
Real,ECON12b,Eilean Siar,2020-21,5.749880211,120,2087,7.173450559,40665,566882
Real,ECON12b,Falkirk,2020-21,8.14247713,1255,15413,7.173450559,40665,566882
Real,ECON12b,Fife,2020-21,7.703521251,3065,39787,7.173450559,40665,566882
Real,ECON12b,Glasgow City,2020-21,7.871420785,6210,78893,7.173450559,40665,566882
Real,ECON12b,Highland,2020-21,7.092706692,1485,20937,7.173450559,40665,566882
Real,ECON12b,Inverclyde,2020-21,7.681940701,570,7420,7.173450559,40665,566882
Real,ECON12b,Midlothian,2020-21,8.005651048,680,8494,7.173450559,40665,566882
Real,ECON12b,Moray,2020-21,7.317884466,660,9019,7.173450559,40665,566882
Real,ECON12b,North Ayrshire,2020-21,10.58644326,1390,13130,7.173450559,40665,566882
Real,ECON12b,North Lanarkshire,2020-21,8.096939915,2900,35816,7.173450559,40665,566882
Real,ECON12b,Orkney Islands,2020-21,5.298382599,95,1793,7.173450559,40665,566882
Real,ECON12b,Perth & Kinross,2020-21,6.30313691,860,13644,7.173450559,40665,566882
Real,ECON12b,Renfrewshire,2020-21,7.772166105,1385,17820,7.173450559,40665,566882
Real,ECON12b,Scottish Borders,2020-21,7.77666999,780,10030,7.173450559,40665,566882
Real,ECON12b,Shetland Islands,2020-21,5.077369439,105,2068,7.173450559,40665,566882
Real,ECON12b,South Ayrshire,2020-21,9.537457996,965,10118,7.173450559,40665,566882
Real,ECON12b,South Lanarkshire,2020-21,7.832470341,2390,30514,7.173450559,40665,566882
Real,ECON12b,Stirling,2020-21,4.853570253,590,12156,7.173450559,40665,566882
Real,ECON12b,West Dunbartonshire,2020-21,10.24590164,875,8540,7.173450559,40665,566882
Real,ECON12b,West Lothian,2020-21,7.924674177,1435,18108,7.173450559,40665,566882
Real,ECON12b,Aberdeen City,2021-22,3.822660896,945,24721,3.684906851,20555,557816
Real,ECON12b,Aberdeenshire,2021-22,3.010327401,685,22755,3.684906851,20555,557816
Real,ECON12b,Angus,2021-22,4.039834649,430,10644,3.684906851,20555,557816
Real,ECON12b,Argyll & Bute,2021-22,3.462099125,285,8232,3.684906851,20555,557816
Real,ECON12b,Clackmannanshire,2021-22,4.344311982,215,4949,3.684906851,20555,557816
Real,ECON12b,Dumfries & Galloway,2021-22,3.416679609,440,12878,3.684906851,20555,557816
Real,ECON12b,Dundee City,2021-22,4.278350515,830,19400,3.684906851,20555,557816
Real,ECON12b,East Ayrshire,2021-22,5.426760441,625,11517,3.684906851,20555,557816
Real,ECON12b,East Dunbartonshire,2021-22,2.297702298,230,10010,3.684906851,20555,557816
Real,ECON12b,East Lothian,2021-22,3.097438051,295,9524,3.684906851,20555,557816
Real,ECON12b,East Renfrewshire,2021-22,1.704193348,165,9682,3.684906851,20555,557816
Real,ECON12b,Edinburgh City,2021-22,2.155137093,1315,61017,3.684906851,20555,557816
Real,ECON12b,Eilean Siar,2021-22,2.635361763,55,2087,3.684906851,20555,557816
Real,ECON12b,Falkirk,2021-22,4.133307297,635,15363,3.684906851,20555,557816
Real,ECON12b,Fife,2021-22,4.245902061,1650,38861,3.684906851,20555,557816
Real,ECON12b,Glasgow City,2021-22,4.516052694,3435,76062,3.684906851,20555,557816
Real,ECON12b,Highland,2021-22,2.936241611,630,21456,3.684906851,20555,557816
Real,ECON12b,Inverclyde,2021-22,5.078232226,370,7286,3.684906851,20555,557816
Real,ECON12b,Midlothian,2021-22,3.280009207,285,8689,3.684906851,20555,557816
Real,ECON12b,Moray,2021-22,3.123972378,285,9123,3.684906851,20555,557816
Real,ECON12b,North Ayrshire,2021-22,5.728251738,750,13093,3.684906851,20555,557816
Real,ECON12b,North Lanarkshire,2021-22,4.23977016,1520,35851,3.684906851,20555,557816
Real,ECON12b,Orkney Islands,2021-22,3.031973539,55,1814,3.684906851,20555,557816
Real,ECON12b,Perth & Kinross,2021-22,2.782193959,385,13838,3.684906851,20555,557816
Real,ECON12b,Renfrewshire,2021-22,3.483537476,620,17798,3.684906851,20555,557816
Real,ECON12b,Scottish Borders,2021-22,3.721345639,375,10077,3.684906851,20555,557816
Real,ECON12b,Shetland Islands,2021-22,2.880460874,60,2083,3.684906851,20555,557816
Real,ECON12b,South Ayrshire,2021-22,4.537831706,460,10137,3.684906851,20555,557816
Real,ECON12b,South Lanarkshire,2021-22,3.743965319,1140,30449,3.684906851,20555,557816
Real,ECON12b,Stirling,2021-22,1.886626887,215,11396,3.684906851,20555,557816
Real,ECON12b,West Dunbartonshire,2021-22,6.090419302,520,8538,3.684906851,20555,557816
Real,ECON12b,West Lothian,2021-22,3.543221898,655,18486,3.684906851,20555,557816
